Name,Max temp,Avrg temp,Min temp,Population,Age 0 to 4,Age 5 to 9,Age 10 to 14,Age 15 to 19,Age 20 to 24,Age 25 to 29,Age 30 to 34,Age 35 to 39,Age 40 to 44,Age 45 to 49,Age 50 to 54,Age 55 to 59,Age 60 to 64,Age 65 to 69,Age 70 to 74,Age 75 to 79,Age 80 to 84,Age 85+,BME,Budget,Percentage in 4 hours or less (type 1),Type 1 Departments - Major A&E
Barts Health NHS Trust,12,7,3,2583775,153574,154251,155414,142076,171045,228147,234606,213419,193524,172337,166575,148308,117303,88881,78030,55034,40926,39790,1291887,1060000000,0.940635586,6199
Barts Health NHS Trust,16,12,8,2583775,153574,154251,155414,142076,171045,228147,234606,213419,193524,172337,166575,148308,117303,88881,78030,55034,40926,39790,1291887,1060000000,0.934709351,7122
Barts Health NHS Trust,17,14,10,2583775,153574,154251,155414,142076,171045,228147,234606,213419,193524,172337,166575,148308,117303,88881,78030,55034,40926,39790,1291887,1060000000,0.936550895,6651
Barts Health NHS Trust,20,16,12,2583775,153574,154251,155414,142076,171045,228147,234606,213419,193524,172337,166575,148308,117303,88881,78030,55034,40926,39790,1291887,1060000000,0.960964409,6097
Barts Health NHS Trust,22,17,13,2583775,153574,154251,155414,142076,171045,228147,234606,213419,193524,172337,166575,148308,117303,88881,78030,55034,40926,39790,1291887,1060000000,0.93931012,6146
Barts Health NHS Trust,18,14,9,2583775,153574,154251,155414,142076,171045,228147,234606,213419,193524,172337,166575,148308,117303,88881,78030,55034,40926,39790,1291887,1060000000,0.922943313,6333
Barts Health NHS Trust,13,10,7,2583775,153574,154251,155414,142076,171045,228147,234606,213419,193524,172337,166575,148308,117303,88881,78030,55034,40926,39790,1291887,1060000000,0.945271967,5975
Barts Health NHS Trust,10,7,4,2583775,153574,154251,155414,142076,171045,228147,234606,213419,193524,172337,166575,148308,117303,88881,78030,55034,40926,39790,1291887,1060000000,0.956313776,6272
Barts Health NHS Trust,7,5,3,2583775,153574,154251,155414,142076,171045,228147,234606,213419,193524,172337,166575,148308,117303,88881,78030,55034,40926,39790,1291887,1060000000,0.956072351,5805
Barts Health NHS Trust,5,3,1,2610897,155187,155870,157045,143568,172841,230542,237069,215660,195556,174146,168324,149865,118534,89814,78849,55612,41356,40207,1305448,1155000000,0.947453779,6166
Barts Health NHS Trust,5,3,0,2610897,155187,155870,157045,143568,172841,230542,237069,215660,195556,174146,168324,149865,118534,89814,78849,55612,41356,40207,1305448,1155000000,0.899896801,5814
Barts Health NHS Trust,6,3,0,2610897,155187,155870,157045,143568,172841,230542,237069,215660,195556,174146,168324,149865,118534,89814,78849,55612,41356,40207,1305448,1155000000,0.925722832,6018
Barts Health NHS Trust,12,7,3,2610897,155187,155870,157045,143568,172841,230542,237069,215660,195556,174146,168324,149865,118534,89814,78849,55612,41356,40207,1305448,1155000000,0.902035413,6043
Barts Health NHS Trust,15,11,6,2610897,155187,155870,157045,143568,172841,230542,237069,215660,195556,174146,168324,149865,118534,89814,78849,55612,41356,40207,1305448,1155000000,0.973496077,5735
Barts Health NHS Trust,19,14,9,2610897,155187,155870,157045,143568,172841,230542,237069,215660,195556,174146,168324,149865,118534,89814,78849,55612,41356,40207,1305448,1155000000,0.959852175,5953
Barts Health NHS Trust,25,19,14,2610897,155187,155870,157045,143568,172841,230542,237069,215660,195556,174146,168324,149865,118534,89814,78849,55612,41356,40207,1305448,1155000000,0.91919366,5804
Barts Health NHS Trust,23,18,13,2610897,155187,155870,157045,143568,172841,230542,237069,215660,195556,174146,168324,149865,118534,89814,78849,55612,41356,40207,1305448,1155000000,0.898967552,5424
Barts Health NHS Trust,19,14,10,2610897,155187,155870,157045,143568,172841,230542,237069,215660,195556,174146,168324,149865,118534,89814,78849,55612,41356,40207,1305448,1155000000,0.890068493,5840
Barts Health NHS Trust,16,13,10,2610897,155187,155870,157045,143568,172841,230542,237069,215660,195556,174146,168324,149865,118534,89814,78849,55612,41356,40207,1305448,1155000000,0.939854822,5786
Barts Health NHS Trust,9,6,4,2610897,155187,155870,157045,143568,172841,230542,237069,215660,195556,174146,168324,149865,118534,89814,78849,55612,41356,40207,1305448,1155000000,0.93322678,5631
Barts Health NHS Trust,9,6,4,2610897,155187,155870,157045,143568,172841,230542,237069,215660,195556,174146,168324,149865,118534,89814,78849,55612,41356,40207,1305448,1155000000,0.941009528,4933
Barts Health NHS Trust,8,6,3,2638019,156799,157489,158676,145059,174636,232937,239532,217900,197587,175955,170073,151422,119766,90747,79668,56189,41786,40625,1319009,1250000000,0.921792778,5511
Barts Health NHS Trust,9,6,3,2638019,156799,157489,158676,145059,174636,232937,239532,217900,197587,175955,170073,151422,119766,90747,79668,56189,41786,40625,1319009,1250000000,0.938078412,5943
Barts Health NHS Trust,13,8,4,2638019,156799,157489,158676,145059,174636,232937,239532,217900,197587,175955,170073,151422,119766,90747,79668,56189,41786,40625,1319009,1250000000,0.965033755,5777
Barts Health NHS Trust,15,11,6,2638019,156799,157489,158676,145059,174636,232937,239532,217900,197587,175955,170073,151422,119766,90747,79668,56189,41786,40625,1319009,1250000000,0.927747115,5979
Barts Health NHS Trust,17,13,8,2638019,156799,157489,158676,145059,174636,232937,239532,217900,197587,175955,170073,151422,119766,90747,79668,56189,41786,40625,1319009,1250000000,0.918565737,6275
Barts Health NHS Trust,20,16,11,2638019,156799,157489,158676,145059,174636,232937,239532,217900,197587,175955,170073,151422,119766,90747,79668,56189,41786,40625,1319009,1250000000,0.91643545,6127
Barts Health NHS Trust,24,19,14,2638019,156799,157489,158676,145059,174636,232937,239532,217900,197587,175955,170073,151422,119766,90747,79668,56189,41786,40625,1319009,1250000000,0.951291385,5769
Barts Health NHS Trust,20,16,12,2638019,156799,157489,158676,145059,174636,232937,239532,217900,197587,175955,170073,151422,119766,90747,79668,56189,41786,40625,1319009,1250000000,0.90537229,5305
Barts Health NHS Trust,21,16,12,2638019,156799,157489,158676,145059,174636,232937,239532,217900,197587,175955,170073,151422,119766,90747,79668,56189,41786,40625,1319009,1250000000,0.930337454,5986
Barts Health NHS Trust,17,13,10,2638019,156799,157489,158676,145059,174636,232937,239532,217900,197587,175955,170073,151422,119766,90747,79668,56189,41786,40625,1319009,1250000000,0.897909577,6171
Barts Health NHS Trust,11,9,7,2638019,156799,157489,158676,145059,174636,232937,239532,217900,197587,175955,170073,151422,119766,90747,79668,56189,41786,40625,1319009,1250000000,0.843177838,6281
Barts Health NHS Trust,8,5,2,2665141,158411,159108,160308,146550,176432,235331,241994,220140,199619,177764,171821,152979,120997,91680,80487,56767,42215,41043,1332570,1250000000,0.819071374,5212
Barts Health NHS Trust,8,5,2,2665141,158411,159108,160308,146550,176432,235331,241994,220140,199619,177764,171821,152979,120997,91680,80487,56767,42215,41043,1332570,1345000000,0.850420469,5589
Barts Health NHS Trust,7,4,1,2665141,158411,159108,160308,146550,176432,235331,241994,220140,199619,177764,171821,152979,120997,91680,80487,56767,42215,41043,1332570,1345000000,0.87809283,5537
Barts Health NHS Trust,10,7,3,2665141,158411,159108,160308,146550,176432,235331,241994,220140,199619,177764,171821,152979,120997,91680,80487,56767,42215,41043,1332570,1345000000,0.828785812,5864
Barts Health NHS Trust,20,15,10,2665141,158411,159108,160308,146550,176432,235331,241994,220140,199619,177764,171821,152979,120997,91680,80487,56767,42215,41043,1332570,1345000000,0.876003078,27291
Barts Health NHS Trust,21,17,13,2665141,158411,159108,160308,146550,176432,235331,241994,220140,199619,177764,171821,152979,120997,91680,80487,56767,42215,41043,1332570,1345000000,0.850741829,26893
Barts Health NHS Trust,21,17,14,2665141,158411,159108,160308,146550,176432,235331,241994,220140,199619,177764,171821,152979,120997,91680,80487,56767,42215,41043,1332570,1345000000,0.878013062,25265
Barts Health NHS Trust,17,14,10,2665141,158411,159108,160308,146550,176432,235331,241994,220140,199619,177764,171821,152979,120997,91680,80487,56767,42215,41043,1332570,1345000000,0.850373293,25851
Barts Health NHS Trust,15,12,9,2665141,158411,159108,160308,146550,176432,235331,241994,220140,199619,177764,171821,152979,120997,91680,80487,56767,42215,41043,1332570,1345000000,0.822064442,27746
Barts Health NHS Trust,13,11,8,2665141,158411,159108,160308,146550,176432,235331,241994,220140,199619,177764,171821,152979,120997,91680,80487,56767,42215,41043,1332570,1345000000,0.819198751,26908
Barts Health NHS Trust,12,11,8,2665141,158411,159108,160308,146550,176432,235331,241994,220140,199619,177764,171821,152979,120997,91680,80487,56767,42215,41043,1332570,1345000000,0.817312642,27194
Barts Health NHS Trust,8,6,4,2692263,160023,160728,161939,148042,178227,237726,244457,222380,201650,179573,173570,154535,122228,92613,81306,57345,42645,41460,1346131,1440000000,0.812144835,27452
Barts Health NHS Trust,8,6,3,2692263,160023,160728,161939,148042,178227,237726,244457,222380,201650,179573,173570,154535,122228,92613,81306,57345,42645,41460,1346131,1440000000,0.802087545,27209
Barts Health NHS Trust,10,6,3,2692263,160023,160728,161939,148042,178227,237726,244457,222380,201650,179573,173570,154535,122228,92613,81306,57345,42645,41460,1346131,1440000000,0.825500668,29960
Barts Health NHS Trust,12,8,4,2692263,160023,160728,161939,148042,178227,237726,244457,222380,201650,179573,173570,154535,122228,92613,81306,57345,42645,41460,1346131,1440000000,0.813877938,27396
Barts Health NHS Trust,17,13,9,2692263,160023,160728,161939,148042,178227,237726,244457,222380,201650,179573,173570,154535,122228,92613,81306,57345,42645,41460,1346131,1440000000,0.817464367,29397
Barts Health NHS Trust,19,15,11,2692263,160023,160728,161939,148042,178227,237726,244457,222380,201650,179573,173570,154535,122228,92613,81306,57345,42645,41460,1346131,1440000000,0.814336409,28180
Barts Health NHS Trust,21,17,13,2692263,160023,160728,161939,148042,178227,237726,244457,222380,201650,179573,173570,154535,122228,92613,81306,57345,42645,41460,1346131,1440000000,0.852736421,29016
Barts Health NHS Trust,23,18,14,2692263,160023,160728,161939,148042,178227,237726,244457,222380,201650,179573,173570,154535,122228,92613,81306,57345,42645,41460,1346131,1440000000,0.85658443,27117
Barts Health NHS Trust,21,17,13,2692263,160023,160728,161939,148042,178227,237726,244457,222380,201650,179573,173570,154535,122228,92613,81306,57345,42645,41460,1346131,1440000000,0.865578542,28857
Barts Health NHS Trust,15,11,8,2692263,160023,160728,161939,148042,178227,237726,244457,222380,201650,179573,173570,154535,122228,92613,81306,57345,42645,41460,1346131,1440000000,0.827963984,29209
Barts Health NHS Trust,9,7,4,2692263,160023,160728,161939,148042,178227,237726,244457,222380,201650,179573,173570,154535,122228,92613,81306,57345,42645,41460,1346131,1440000000,0.816315917,28843
Barts Health NHS Trust,9,7,4,2692263,160023,160728,161939,148042,178227,237726,244457,222380,201650,179573,173570,154535,122228,92613,81306,57345,42645,41460,1346131,1440000000,0.752794526,29522
Barts Health NHS Trust,6,4,1,2719385,161635,162347,163571,149533,180023,240121,246920,224621,203681,181382,175318,156092,123460,93546,82125,57922,43075,41878,1359692,1535000000,0.738705137,28420
Barts Health NHS Trust,9,7,4,2719385,161635,162347,163571,149533,180023,240121,246920,224621,203681,181382,175318,156092,123460,93546,82125,57922,43075,41878,1359692,1535000000,0.761664419,25955
Barts Health NHS Trust,12,9,6,2719385,161635,162347,163571,149533,180023,240121,246920,224621,203681,181382,175318,156092,123460,93546,82125,57922,43075,41878,1359692,1535000000,0.804634227,30210
Barts Health NHS Trust,13,9,5,2719385,161635,162347,163571,149533,180023,240121,246920,224621,203681,181382,175318,156092,123460,93546,82125,57922,43075,41878,1359692,1535000000,0.779945391,27834
Barts Health NHS Trust,17,13,9,2719385,161635,162347,163571,149533,180023,240121,246920,224621,203681,181382,175318,156092,123460,93546,82125,57922,43075,41878,1359692,1535000000,0.794867466,29615
Barts Health NHS Trust,21,17,12,2719385,161635,162347,163571,149533,180023,240121,246920,224621,203681,181382,175318,156092,123460,93546,82125,57922,43075,41878,1359692,1535000000,0.85613797,28006
Barts Health NHS Trust,22,18,14,2719385,161635,162347,163571,149533,180023,240121,246920,224621,203681,181382,175318,156092,123460,93546,82125,57922,43075,41878,1359692,1535000000,0.842103478,29475
Barts Health NHS Trust,22,18,14,2719385,161635,162347,163571,149533,180023,240121,246920,224621,203681,181382,175318,156092,123460,93546,82125,57922,43075,41878,1359692,1535000000,0.844759418,26810
Barts Health NHS Trust,19,15,12,2719385,161635,162347,163571,149533,180023,240121,246920,224621,203681,181382,175318,156092,123460,93546,82125,57922,43075,41878,1359692,1535000000,0.813751336,28070
Barts Health NHS Trust,16,14,11,2719385,161635,162347,163571,149533,180023,240121,246920,224621,203681,181382,175318,156092,123460,93546,82125,57922,43075,41878,1359692,1535000000,0.802296195,27698
Barts Health NHS Trust,11,8,6,2719385,161635,162347,163571,149533,180023,240121,246920,224621,203681,181382,175318,156092,123460,93546,82125,57922,43075,41878,1359692,1535000000,0.818599481,26990
Barts Health NHS Trust,8,6,4,2719385,161635,162347,163571,149533,180023,240121,246920,224621,203681,181382,175318,156092,123460,93546,82125,57922,43075,41878,1359692,1535000000,0.772742519,26833
Barts Health NHS Trust,9,7,4,2746507,163247,163966,165202,151024,181818,242516,249382,226861,205713,183192,177067,157649,124691,94479,82944,58500,43504,42296,1373253,1630000000,0.785968256,27281
Barts Health NHS Trust,6,4,1,2746507,163247,163966,165202,151024,181818,242516,249382,226861,205713,183192,177067,157649,124691,94479,82944,58500,43504,42296,1373253,1630000000,0.763229549,25341
Barts Health NHS Trust,9,6,3,2746507,163247,163966,165202,151024,181818,242516,249382,226861,205713,183192,177067,157649,124691,94479,82944,58500,43504,42296,1373253,1630000000,0.775900228,28465
Barts Health NHS Trust,15,12,8,2746507,163247,163966,165202,151024,181818,242516,249382,226861,205713,183192,177067,157649,124691,94479,82944,58500,43504,42296,1373253,1630000000,0.862187263,26727
Barts Health NHS Trust,20,16,11,2746507,163247,163966,165202,151024,181818,242516,249382,226861,205713,183192,177067,157649,124691,94479,82944,58500,43504,42296,1373253,1630000000,0.875507159,28102
Barts Health NHS Trust,23,18,14,2746507,163247,163966,165202,151024,181818,242516,249382,226861,205713,183192,177067,157649,124691,94479,82944,58500,43504,42296,1373253,1630000000,0.87574122,26939
Barts Health NHS Trust,27,22,18,2746507,163247,163966,165202,151024,181818,242516,249382,226861,205713,183192,177067,157649,124691,94479,82944,58500,43504,42296,1373253,1630000000,0.849815567,28357
Barts Health NHS Trust,23,20,16,2746507,163247,163966,165202,151024,181818,242516,249382,226861,205713,183192,177067,157649,124691,94479,82944,58500,43504,42296,1373253,1630000000,0.873567985,25099
Barts Health NHS Trust,20,16,13,2746507,163247,163966,165202,151024,181818,242516,249382,226861,205713,183192,177067,157649,124691,94479,82944,58500,43504,42296,1373253,1630000000,0.871121954,25934
Barts Health NHS Trust,16,13,10,2746507,163247,163966,165202,151024,181818,242516,249382,226861,205713,183192,177067,157649,124691,94479,82944,58500,43504,42296,1373253,1630000000,0.865193004,27167
Barts Health NHS Trust,12,10,7,2746507,163247,163966,165202,151024,181818,242516,249382,226861,205713,183192,177067,157649,124691,94479,82944,58500,43504,42296,1373253,1630000000,0.858858647,27483
Barts Health NHS Trust,10,8,6,2746507,163247,163966,165202,151024,181818,242516,249382,226861,205713,183192,177067,157649,124691,94479,82944,58500,43504,42296,1373253,1630000000,0.849393761,27102
Barts Health NHS Trust,7,5,2,2773629,164859,165585,166833,152516,183614,244911,251845,229101,207744,185001,178815,159206,125922,95412,83763,59078,43934,42713,1386814,1725000000,0.832442878,28273
Barts Health NHS Trust,11,8,5,2773629,164859,165585,166833,152516,183614,244911,251845,229101,207744,185001,178815,159206,125922,95412,83763,59078,43934,42713,1386814,1725000000,0.825268088,25261
Barts Health NHS Trust,12,10,6,2773629,164859,165585,166833,152516,183614,244911,251845,229101,207744,185001,178815,159206,125922,95412,83763,59078,43934,42713,1386814,1725000000,0.834465912,27950
Barts Health NHS Trust,15,11,7,2773629,164859,165585,166833,152516,183614,244911,251845,229101,207744,185001,178815,159206,125922,95412,83763,59078,43934,42713,1386814,1725000000,0.835304291,26232
Barts Health NHS Trust,17,13,9,2773629,164859,165585,166833,152516,183614,244911,251845,229101,207744,185001,178815,159206,125922,95412,83763,59078,43934,42713,1386814,1725000000,0.865788077,26485
Barts Health NHS Trust,20,17,13,2773629,164859,165585,166833,152516,183614,244911,251845,229101,207744,185001,178815,159206,125922,95412,83763,59078,43934,42713,1386814,1725000000,0.85354805,26318
Barts Health NHS Trust,24,20,16,2773629,164859,165585,166833,152516,183614,244911,251845,229101,207744,185001,178815,159206,125922,95412,83763,59078,43934,42713,1386814,1725000000,0.866298244,27522
Barts Health NHS Trust,24,20,16,2773629,164859,165585,166833,152516,183614,244911,251845,229101,207744,185001,178815,159206,125922,95412,83763,59078,43934,42713,1386814,1725000000,0.854845483,25573
Barts Health NHS Trust,20,17,13,2773629,164859,165585,166833,152516,183614,244911,251845,229101,207744,185001,178815,159206,125922,95412,83763,59078,43934,42713,1386814,1725000000,0.844503508,26233
Barts Health NHS Trust,15,12,10,2773629,164859,165585,166833,152516,183614,244911,251845,229101,207744,185001,178815,159206,125922,95412,83763,59078,43934,42713,1386814,1725000000,0.826717365,27007
Barts Health NHS Trust,10,8,6,2773629,164859,165585,166833,152516,183614,244911,251845,229101,207744,185001,178815,159206,125922,95412,83763,59078,43934,42713,1386814,1725000000,0.819229987,27421
Barts Health NHS Trust,9,7,5,2773629,164859,165585,166833,152516,183614,244911,251845,229101,207744,185001,178815,159206,125922,95412,83763,59078,43934,42713,1386814,1725000000,0.800275364,27443
Barts Health NHS Trust,9,7,5,2800751,166471,167204,168465,154007,185409,247306,254308,231342,209776,186810,180564,160763,127154,96345,84582,59655,44363,43131,1400375,1820000000,0.817770361,25529
Barts Health NHS Trust,10,7,5,2800751,166471,167204,168465,154007,185409,247306,254308,231342,209776,186810,180564,160763,127154,96345,84582,59655,44363,43131,1400375,1820000000,0.841794098,23388
Barts Health NHS Trust,11,7,5,2800751,166471,167204,168465,154007,185409,247306,254308,231342,209776,186810,180564,160763,127154,96345,84582,59655,44363,43131,1400375,1820000000,0.81781683,18470
Barts Health NHS Trust,16,12,8,2800751,166471,167204,168465,154007,185409,247306,254308,231342,209776,186810,180564,160763,127154,96345,84582,59655,44363,43131,1400375,1820000000,0.853133079,11732
Barts Health NHS Trust,19,15,10,2800751,166471,167204,168465,154007,185409,247306,254308,231342,209776,186810,180564,160763,127154,96345,84582,59655,44363,43131,1400375,1820000000,0.941328849,14638
Barts Health NHS Trust,21,17,13,2800751,166471,167204,168465,154007,185409,247306,254308,231342,209776,186810,180564,160763,127154,96345,84582,59655,44363,43131,1400375,1820000000,0.948944323,16922
Barts Health NHS Trust,22,18,14,2800751,166471,167204,168465,154007,185409,247306,254308,231342,209776,186810,180564,160763,127154,96345,84582,59655,44363,43131,1400375,1820000000,0.934460747,18672
Barts Health NHS Trust,24,20,17,2800751,166471,167204,168465,154007,185409,247306,254308,231342,209776,186810,180564,160763,127154,96345,84582,59655,44363,43131,1400375,1820000000,0.907629137,19362
Barts Health NHS Trust,20,17,13,2800751,166471,167204,168465,154007,185409,247306,254308,231342,209776,186810,180564,160763,127154,96345,84582,59655,44363,43131,1400375,1820000000,0.889242788,20445
Barts Health NHS Trust,14,12,10,2800751,166471,167204,168465,154007,185409,247306,254308,231342,209776,186810,180564,160763,127154,96345,84582,59655,44363,43131,1400375,1820000000,0.880278113,19508
Barts Health NHS Trust,12,10,8,2800751,166471,167204,168465,154007,185409,247306,254308,231342,209776,186810,180564,160763,127154,96345,84582,59655,44363,43131,1400375,1820000000,0.856807359,18777
Barts Health NHS Trust,8,6,4,2827873,168083,168824,170096,155499,187205,249701,256770,233582,211807,188619,182312,162319,128385,97278,85401,60233,44793,43549,1413936,1915000000,0.785623665,18701
Barts Health NHS Trust,6,4,2,2827873,168083,168824,170096,155499,187205,249701,256770,233582,211807,188619,182312,162319,128385,97278,85401,60233,44793,43549,1413936,1915000000,0.757528219,16427
Barts Health NHS Trust,8,6,3,2827873,168083,168824,170096,155499,187205,249701,256770,233582,211807,188619,182312,162319,128385,97278,85401,60233,44793,43549,1413936,1915000000,0.838780555,15882
Barts Health NHS Trust,11,8,3,2827873,168083,168824,170096,155499,187205,249701,256770,233582,211807,188619,182312,162319,128385,97278,85401,60233,44793,43549,1413936,1915000000,0.863815617,20513
Barts Health NHS Trust,12,7,3,2827873,168083,168824,170096,155499,187205,249701,256770,233582,211807,188619,182312,162319,128385,97278,85401,60233,44793,43549,1413936,1915000000,0.854776662,21740
Barts Health NHS Trust,15,11,7,2827873,168083,168824,170096,155499,187205,249701,256770,233582,211807,188619,182312,162319,128385,97278,85401,60233,44793,43549,1413936,1915000000,0.866943765,23000
Barts Health NHS Trust,21,17,13,2827873,168083,168824,170096,155499,187205,249701,256770,233582,211807,188619,182312,162319,128385,97278,85401,60233,44793,43549,1413936,1915000000,0.834924049,25046
Barts Health NHS Trust,22,18,15,2827873,168083,168824,170096,155499,187205,249701,256770,233582,211807,188619,182312,162319,128385,97278,85401,60233,44793,43549,1413936,1915000000,0.831414203,23427
Barts Health NHS Trust,21,17,14,2827873,168083,168824,170096,155499,187205,249701,256770,233582,211807,188619,182312,162319,128385,97278,85401,60233,44793,43549,1413936,1915000000,0.800009892,22342
Barts Health NHS Trust,21,17,13,2827873,168083,168824,170096,155499,187205,249701,256770,233582,211807,188619,182312,162319,128385,97278,85401,60233,44793,43549,1413936,1915000000,0.780847817,23676
Barts Health NHS Trust,16,13,10,2827873,168083,168824,170096,155499,187205,249701,256770,233582,211807,188619,182312,162319,128385,97278,85401,60233,44793,43549,1413936,1915000000,0.760447165,24534
Barts Health NHS Trust,11,8,6,2827873,168083,168824,170096,155499,187205,249701,256770,233582,211807,188619,182312,162319,128385,97278,85401,60233,44793,43549,1413936,1915000000,0.76233323,22388
Barts Health NHS Trust,9,7,5,2827873,168083,168824,170096,155499,187205,249701,256770,233582,211807,188619,182312,162319,128385,97278,85401,60233,44793,43549,1413936,1915000000,0.741464407,21962
Barts Health NHS Trust,8,5,3,2855000,169696,170443,171728,156990,189001,252096,259234,235823,213839,190428,184061,163877,129617,98212,86221,60811,45223,43967,1427500,2010000000,0.753215598,22189
Barts Health NHS Trust,10,8,5,2855000,169696,170443,171728,156990,189001,252096,259234,235823,213839,190428,184061,163877,129617,98212,86221,60811,45223,43967,1427500,2010000000,0.731643925,21590
Barts Health NHS Trust,12,9,5,2855000,169696,170443,171728,156990,189001,252096,259234,235823,213839,190428,184061,163877,129617,98212,86221,60811,45223,43967,1427500,2010000000,0.721028179,25520
Barts Health NHS Trust,14,10,6,2855000,169696,170443,171728,156990,189001,252096,259234,235823,213839,190428,184061,163877,129617,98212,86221,60811,45223,43967,1427500,2010000000,0.735137469,22967
Barts Health NHS Trust,18,14,10,2855000,169696,170443,171728,156990,189001,252096,259234,235823,213839,190428,184061,163877,129617,98212,86221,60811,45223,43967,1427500,2010000000,0.695721147,25736
Barts Health NHS Trust,22,17,12,2855000,169696,170443,171728,156990,189001,252096,259234,235823,213839,190428,184061,163877,129617,98212,86221,60811,45223,43967,1427500,2010000000,0.693502239,25517
Barts Health NHS Trust,26,21,16,2855000,169696,170443,171728,156990,189001,252096,259234,235823,213839,190428,184061,163877,129617,98212,86221,60811,45223,43967,1427500,2010000000,0.674765122,24718
Barts Health NHS Trust,26,21,17,2855000,169696,170443,171728,156990,189001,252096,259234,235823,213839,190428,184061,163877,129617,98212,86221,60811,45223,43967,1427500,2010000000,0.702064451,22642
Barts Health NHS Trust,19,16,13,2855000,169696,170443,171728,156990,189001,252096,259234,235823,213839,190428,184061,163877,129617,98212,86221,60811,45223,43967,1427500,2010000000,0.704159593,22655
Barts Health NHS Trust,17,14,11,2855000,169696,170443,171728,156990,189001,252096,259234,235823,213839,190428,184061,163877,129617,98212,86221,60811,45223,43967,1427500,2010000000,0.649800806,24449
Barts Health NHS Trust,13,10,8,2855000,169696,170443,171728,156990,189001,252096,259234,235823,213839,190428,184061,163877,129617,98212,86221,60811,45223,43967,1427500,2010000000,0.634149584,24470
Barts Health NHS Trust,7,5,3,2855000,169696,170443,171728,156990,189001,252096,259234,235823,213839,190428,184061,163877,129617,98212,86221,60811,45223,43967,1427500,2010000000,0.609371919,24671
Barts Health NHS Trust,8,6,3,2882122,171308,172062,173359,158482,190796,254491,261696,238063,215870,192237,185810,165433,130848,99144,87040,61389,45652,44384,1441061,2105000000,0.701531894,22053
Barts Health NHS Trust,10,7,4,2882122,171308,172062,173359,158482,190796,254491,261696,238063,215870,192237,185810,165433,130848,99144,87040,61389,45652,44384,1441061,2105000000,0.658387932,21413
Barts Health NHS Trust,11,8,5,2882122,171308,172062,173359,158482,190796,254491,261696,238063,215870,192237,185810,165433,130848,99144,87040,61389,45652,44384,1441061,2105000000,0.681149021,23488
Barts Health NHS Trust,13,9,6,2882122,171308,172062,173359,158482,190796,254491,261696,238063,215870,192237,185810,165433,130848,99144,87040,61389,45652,44384,1441061,2105000000,0.732113832,21235
Barts Health NHS Trust,17,13,9,2882122,171308,172062,173359,158482,190796,254491,261696,238063,215870,192237,185810,165433,130848,99144,87040,61389,45652,44384,1441061,2105000000,0.679175583,24315
Barts Health NHS Trust,24,18,13,2882122,171308,172062,173359,158482,190796,254491,261696,238063,215870,192237,185810,165433,130848,99144,87040,61389,45652,44384,1441061,2105000000,0.701214123,23852
Barts Health NHS Trust,22,18,14,2882122,171308,172062,173359,158482,190796,254491,261696,238063,215870,192237,185810,165433,130848,99144,87040,61389,45652,44384,1441061,2105000000,0.703739997,24175
Barts Health NHS Trust,22,18,14,2882122,171308,172062,173359,158482,190796,254491,261696,238063,215870,192237,185810,165433,130848,99144,87040,61389,45652,44384,1441061,2105000000,0.692365626,22528
Barts Health NHS Trust,23,19,16,2882122,171308,172062,173359,158482,190796,254491,261696,238063,215870,192237,185810,165433,130848,99144,87040,61389,45652,44384,1441061,2105000000,0.679745773,23968
Barts Health NHS Trust,17,14,12,2882122,171308,172062,173359,158482,190796,254491,261696,238063,215870,192237,185810,165433,130848,99144,87040,61389,45652,44384,1441061,2105000000,0.668585992,24807
Barts Health NHS Trust,11,9,7,2882122,171308,172062,173359,158482,190796,254491,261696,238063,215870,192237,185810,165433,130848,99144,87040,61389,45652,44384,1441061,2105000000,0.649658126,24350
Barts Health NHS Trust,10,8,6,2882122,171308,172062,173359,158482,190796,254491,261696,238063,215870,192237,185810,165433,130848,99144,87040,61389,45652,44384,1441061,2105000000,0.657648504,24700
Northumbria Healthcare NHS Foundation Trust,6,5,3,314964,13905,16352,17039,15375,13606,15571,16548,17039,17039,19291,22718,25266,24286,22132,22541,15471,10362,9385,4881,494000000,0.99,10060
Northumbria Healthcare NHS Foundation Trust,1,0,-2,314964,13905,16352,17039,15375,13606,15571,16548,17039,17039,19291,22718,25266,24286,22132,22541,15471,10362,9385,4881,494000000,0.930019881,10060
Northumbria Healthcare NHS Foundation Trust,5,3,1,315858,13945,16399,17087,15419,13645,15616,16595,17087,17087,19346,22782,25338,24355,22195,22605,15514,10391,9412,4895,494000000,0.971280415,10028
Northumbria Healthcare NHS Foundation Trust,7,5,3,315858,13945,16399,17087,15419,13645,15616,16595,17087,17087,19346,22782,25338,24355,22195,22605,15514,10391,9412,4895,494000000,0.969285999,10028
Northumbria Healthcare NHS Foundation Trust,9,6,3,315858,13945,16399,17087,15419,13645,15616,16595,17087,17087,19346,22782,25338,24355,22195,22605,15514,10391,9412,4895,494000000,0.941897095,11428
Northumbria Healthcare NHS Foundation Trust,14,10,6,315858,13945,16399,17087,15419,13645,15616,16595,17087,17087,19346,22782,25338,24355,22195,22605,15514,10391,9412,4895,494000000,0.96333573,11128
Northumbria Healthcare NHS Foundation Trust,14,11,7,315858,13945,16399,17087,15419,13645,15616,16595,17087,17087,19346,22782,25338,24355,22195,22605,15514,10391,9412,4895,494000000,0.953627524,10696
Northumbria Healthcare NHS Foundation Trust,16,12,8,315858,13945,16399,17087,15419,13645,15616,16595,17087,17087,19346,22782,25338,24355,22195,22605,15514,10391,9412,4895,494000000,0.988161302,10812
Northumbria Healthcare NHS Foundation Trust,17,14,10,315858,13945,16399,17087,15419,13645,15616,16595,17087,17087,19346,22782,25338,24355,22195,22605,15514,10391,9412,4895,494000000,0.983667409,10776
Northumbria Healthcare NHS Foundation Trust,17,14,11,315858,13945,16399,17087,15419,13645,15616,16595,17087,17087,19346,22782,25338,24355,22195,22605,15514,10391,9412,4895,494000000,0.977834302,11008
Northumbria Healthcare NHS Foundation Trust,17,13,10,315858,13945,16399,17087,15419,13645,15616,16595,17087,17087,19346,22782,25338,24355,22195,22605,15514,10391,9412,4895,494000000,0.986189802,11296
Northumbria Healthcare NHS Foundation Trust,14,11,8,315858,13945,16399,17087,15419,13645,15616,16595,17087,17087,19346,22782,25338,24355,22195,22605,15514,10391,9412,4895,494000000,0.879393285,10060
Northumbria Healthcare NHS Foundation Trust,11,9,7,315858,13945,16399,17087,15419,13645,15616,16595,17087,17087,19346,22782,25338,24355,22195,22605,15514,10391,9412,4895,494000000,0.988564669,10144
Northumbria Healthcare NHS Foundation Trust,7,5,3,315858,13945,16399,17087,15419,13645,15616,16595,17087,17087,19346,22782,25338,24355,22195,22605,15514,10391,9412,4895,494000000,0.983915261,10196
Northumbria Healthcare NHS Foundation Trust,7,4,2,316389,13968,16426,17116,15445,13668,15642,16623,17116,17116,19378,22821,25380,24396,22232,22643,15541,10409,9428,4904,494000000,0.981088383,10364
Northumbria Healthcare NHS Foundation Trust,7,4,2,316389,13968,16426,17116,15445,13668,15642,16623,17116,17116,19378,22821,25380,24396,22232,22643,15541,10409,9428,4904,494000000,0.969079665,10996
Northumbria Healthcare NHS Foundation Trust,12,8,4,316389,13968,16426,17116,15445,13668,15642,16623,17116,17116,19378,22821,25380,24396,22232,22643,15541,10409,9428,4904,494000000,0.879393285,10060
Northumbria Healthcare NHS Foundation Trust,9,6,3,316389,13968,16426,17116,15445,13668,15642,16623,17116,17116,19378,22821,25380,24396,22232,22643,15541,10409,9428,4904,494000000,0.987130961,10568
Northumbria Healthcare NHS Foundation Trust,12,9,5,316389,13968,16426,17116,15445,13668,15642,16623,17116,17116,19378,22821,25380,24396,22232,22643,15541,10409,9428,4904,494000000,0.986714542,11140
Northumbria Healthcare NHS Foundation Trust,14,12,9,316389,13968,16426,17116,15445,13668,15642,16623,17116,17116,19378,22821,25380,24396,22232,22643,15541,10409,9428,4904,494000000,0.980854701,11700
Northumbria Healthcare NHS Foundation Trust,16,14,10,316389,13968,16426,17116,15445,13668,15642,16623,17116,17116,19378,22821,25380,24396,22232,22643,15541,10409,9428,4904,494000000,0.977906186,11768
Northumbria Healthcare NHS Foundation Trust,18,15,12,316389,13968,16426,17116,15445,13668,15642,16623,17116,17116,19378,22821,25380,24396,22232,22643,15541,10409,9428,4904,494000000,0.975061468,11388
Northumbria Healthcare NHS Foundation Trust,15,12,9,316389,13968,16426,17116,15445,13668,15642,16623,17116,17116,19378,22821,25380,24396,22232,22643,15541,10409,9428,4904,494000000,0.981091687,11212
Northumbria Healthcare NHS Foundation Trust,11,8,5,316389,13968,16426,17116,15445,13668,15642,16623,17116,17116,19378,22821,25380,24396,22232,22643,15541,10409,9428,4904,494000000,0.979101358,11484
Northumbria Healthcare NHS Foundation Trust,8,6,4,316389,13968,16426,17116,15445,13668,15642,16623,17116,17116,19378,22821,25380,24396,22232,22643,15541,10409,9428,4904,494000000,0.98021309,10512
Northumbria Healthcare NHS Foundation Trust,6,4,2,316389,13968,16426,17116,15445,13668,15642,16623,17116,17116,19378,22821,25380,24396,22232,22643,15541,10409,9428,4904,494000000,0.960199005,11256
Northumbria Healthcare NHS Foundation Trust,5,3,1,316448,13971,16429,17119,15448,13670,15645,16626,17119,17119,19382,22825,25385,24401,22236,22648,15543,10411,9430,4904,494000000,0.984161901,9092
Northumbria Healthcare NHS Foundation Trust,5,3,1,316448,13971,16429,17119,15448,13670,15645,16626,17119,17119,19382,22825,25385,24401,22236,22648,15543,10411,9430,4904,494000000,0.975323625,9888
Northumbria Healthcare NHS Foundation Trust,4,2,0,316448,13971,16429,17119,15448,13670,15645,16626,17119,17119,19382,22825,25385,24401,22236,22648,15543,10411,9430,4904,494000000,0.980078125,10240
Northumbria Healthcare NHS Foundation Trust,9,6,3,316448,13971,16429,17119,15448,13670,15645,16626,17119,17119,19382,22825,25385,24401,22236,22648,15543,10411,9430,4904,494000000,0.969429348,11776
Northumbria Healthcare NHS Foundation Trust,13,9,5,316448,13971,16429,17119,15448,13670,15645,16626,17119,17119,19382,22825,25385,24401,22236,22648,15543,10411,9430,4904,494000000,0.981276271,10468
Northumbria Healthcare NHS Foundation Trust,16,12,8,316448,13971,16429,17119,15448,13670,15645,16626,17119,17119,19382,22825,25385,24401,22236,22648,15543,10411,9430,4904,494000000,0.990689655,11600
Northumbria Healthcare NHS Foundation Trust,21,17,12,316448,13971,16429,17119,15448,13670,15645,16626,17119,17119,19382,22825,25385,24401,22236,22648,15543,10411,9430,4904,494000000,0.972826087,11776
Northumbria Healthcare NHS Foundation Trust,19,16,12,316448,13971,16429,17119,15448,13670,15645,16626,17119,17119,19382,22825,25385,24401,22236,22648,15543,10411,9430,4904,494000000,0.972130546,10908
Northumbria Healthcare NHS Foundation Trust,16,12,10,316448,13971,16429,17119,15448,13670,15645,16626,17119,17119,19382,22825,25385,24401,22236,22648,15543,10411,9430,4904,494000000,0.968428521,11276
Northumbria Healthcare NHS Foundation Trust,13,11,9,316448,13971,16429,17119,15448,13670,15645,16626,17119,17119,19382,22825,25385,24401,22236,22648,15543,10411,9430,4904,494000000,0.975209624,10972
Northumbria Healthcare NHS Foundation Trust,8,6,3,316448,13971,16429,17119,15448,13670,15645,16626,17119,17119,19382,22825,25385,24401,22236,22648,15543,10411,9430,4904,494000000,0.982308002,9948
Northumbria Healthcare NHS Foundation Trust,8,6,4,316448,13971,16429,17119,15448,13670,15645,16626,17119,17119,19382,22825,25385,24401,22236,22648,15543,10411,9430,4904,494000000,0.971855011,9380
Northumbria Healthcare NHS Foundation Trust,6,4,3,316621,13978,16438,17129,15456,13678,15653,16635,17129,17129,19393,22837,25399,24414,22248,22660,15552,10416,9435,4907,494000000,0.955492038,9796
Northumbria Healthcare NHS Foundation Trust,7,5,3,316621,13978,16438,17129,15456,13678,15653,16635,17129,17129,19393,22837,25399,24414,22248,22660,15552,10416,9435,4907,494000000,0.962383613,10740
Northumbria Healthcare NHS Foundation Trust,10,7,3,316621,13978,16438,17129,15456,13678,15653,16635,17129,17129,19393,22837,25399,24414,22248,22660,15552,10416,9435,4907,494000000,0.946912243,11076
Northumbria Healthcare NHS Foundation Trust,12,9,6,316621,13978,16438,17129,15456,13678,15653,16635,17129,17129,19393,22837,25399,24414,22248,22660,15552,10416,9435,4907,494000000,0.976091476,11544
Northumbria Healthcare NHS Foundation Trust,14,11,7,316621,13978,16438,17129,15456,13678,15653,16635,17129,17129,19393,22837,25399,24414,22248,22660,15552,10416,9435,4907,494000000,0.956201939,11964
Northumbria Healthcare NHS Foundation Trust,17,14,10,316621,13978,16438,17129,15456,13678,15653,16635,17129,17129,19393,22837,25399,24414,22248,22660,15552,10416,9435,4907,494000000,0.953151331,11868
Northumbria Healthcare NHS Foundation Trust,20,16,11,316621,13978,16438,17129,15456,13678,15653,16635,17129,17129,19393,22837,25399,24414,22248,22660,15552,10416,9435,4907,494000000,0.961432507,11616
Northumbria Healthcare NHS Foundation Trust,17,14,10,316621,13978,16438,17129,15456,13678,15653,16635,17129,17129,19393,22837,25399,24414,22248,22660,15552,10416,9435,4907,494000000,0.941066066,10656
Northumbria Healthcare NHS Foundation Trust,17,14,10,316621,13978,16438,17129,15456,13678,15653,16635,17129,17129,19393,22837,25399,24414,22248,22660,15552,10416,9435,4907,494000000,0.96652877,10636
Northumbria Healthcare NHS Foundation Trust,14,11,9,316621,13978,16438,17129,15456,13678,15653,16635,17129,17129,19393,22837,25399,24414,22248,22660,15552,10416,9435,4907,494000000,0.978229318,11024
Northumbria Healthcare NHS Foundation Trust,10,8,6,316621,13978,16438,17129,15456,13678,15653,16635,17129,17129,19393,22837,25399,24414,22248,22660,15552,10416,9435,4907,494000000,0.964231928,10624
Northumbria Healthcare NHS Foundation Trust,7,5,3,316621,13978,16438,17129,15456,13678,15653,16635,17129,17129,19393,22837,25399,24414,22248,22660,15552,10416,9435,4907,494000000,0.901975978,10324
Northumbria Healthcare NHS Foundation Trust,7,4,2,316661,13980,16441,17131,15458,13679,15655,16637,17131,17131,19395,22840,25402,24417,22251,22663,15554,10418,9436,4908,494000000,0.958762887,10088
Northumbria Healthcare NHS Foundation Trust,7,4,2,316661,13980,16441,17131,15458,13679,15655,16637,17131,17131,19395,22840,25402,24417,22251,22663,15554,10418,9436,4908,494000000,0.909582689,10352
Northumbria Healthcare NHS Foundation Trust,9,6,3,316661,13980,16441,17131,15458,13679,15655,16637,17131,17131,19395,22840,25402,24417,22251,22663,15554,10418,9436,4908,494000000,0.972963483,11392
Northumbria Healthcare NHS Foundation Trust,16,13,9,316661,13980,16441,17131,15458,13679,15655,16637,17131,17131,19395,22840,25402,24417,22251,22663,15554,10418,9436,4908,494000000,0.973332272,12562
Northumbria Healthcare NHS Foundation Trust,18,14,11,316661,13980,16441,17131,15458,13679,15655,16637,17131,17131,19395,22840,25402,24417,22251,22663,15554,10418,9436,4908,494000000,0.976139448,13998
Northumbria Healthcare NHS Foundation Trust,19,15,12,316661,13980,16441,17131,15458,13679,15655,16637,17131,17131,19395,22840,25402,24417,22251,22663,15554,10418,9436,4908,494000000,0.970751787,13847
Northumbria Healthcare NHS Foundation Trust,15,12,9,316661,13980,16441,17131,15458,13679,15655,16637,17131,17131,19395,22840,25402,24417,22251,22663,15554,10418,9436,4908,494000000,0.971639415,13822
Northumbria Healthcare NHS Foundation Trust,14,11,8,316661,13980,16441,17131,15458,13679,15655,16637,17131,17131,19395,22840,25402,24417,22251,22663,15554,10418,9436,4908,494000000,0.947722967,14251
Northumbria Healthcare NHS Foundation Trust,11,9,7,316661,13980,16441,17131,15458,13679,15655,16637,17131,17131,19395,22840,25402,24417,22251,22663,15554,10418,9436,4908,494000000,0.952423766,13347
Northumbria Healthcare NHS Foundation Trust,10,8,6,316661,13980,16441,17131,15458,13679,15655,16637,17131,17131,19395,22840,25402,24417,22251,22663,15554,10418,9436,4908,494000000,0.933150645,13867
Northumbria Healthcare NHS Foundation Trust,7,5,3,316981,13994,16457,17148,15474,13693,15671,16654,17148,17148,19415,22863,25428,24442,22274,22686,15570,10428,9446,4913,494000000,0.898141679,14314
Northumbria Healthcare NHS Foundation Trust,7,4,2,316981,13994,16457,17148,15474,13693,15671,16654,17148,17148,19415,22863,25428,24442,22274,22686,15570,10428,9446,4913,494000000,0.879032845,13731
Northumbria Healthcare NHS Foundation Trust,9,6,3,316981,13994,16457,17148,15474,13693,15671,16654,17148,17148,19415,22863,25428,24442,22274,22686,15570,10428,9446,4913,494000000,0.888947577,15146
Northumbria Healthcare NHS Foundation Trust,10,7,4,316981,13994,16457,17148,15474,13693,15671,16654,17148,17148,19415,22863,25428,24442,22274,22686,15570,10428,9446,4913,494000000,0.946502058,13608
Northumbria Healthcare NHS Foundation Trust,14,10,7,316981,13994,16457,17148,15474,13693,15671,16654,17148,17148,19415,22863,25428,24442,22274,22686,15570,10428,9446,4913,537000000,0.964209827,15060
Northumbria Healthcare NHS Foundation Trust,16,13,9,316981,13994,16457,17148,15474,13693,15671,16654,17148,17148,19415,22863,25428,24442,22274,22686,15570,10428,9446,4913,537000000,0.947758037,14184
Northumbria Healthcare NHS Foundation Trust,18,15,12,316981,13994,16457,17148,15474,13693,15671,16654,17148,17148,19415,22863,25428,24442,22274,22686,15570,10428,9446,4913,537000000,0.961457924,15282
Northumbria Healthcare NHS Foundation Trust,19,15,12,316981,13994,16457,17148,15474,13693,15671,16654,17148,17148,19415,22863,25428,24442,22274,22686,15570,10428,9446,4913,537000000,0.94336658,14638
Northumbria Healthcare NHS Foundation Trust,18,15,12,316981,13994,16457,17148,15474,13693,15671,16654,17148,17148,19415,22863,25428,24442,22274,22686,15570,10428,9446,4913,537000000,0.949816401,14706
Northumbria Healthcare NHS Foundation Trust,13,10,8,316981,13994,16457,17148,15474,13693,15671,16654,17148,17148,19415,22863,25428,24442,22274,22686,15570,10428,9446,4913,537000000,0.925227838,14484
Northumbria Healthcare NHS Foundation Trust,8,6,4,316981,13994,16457,17148,15474,13693,15671,16654,17148,17148,19415,22863,25428,24442,22274,22686,15570,10428,9446,4913,537000000,0.93399244,13756
Northumbria Healthcare NHS Foundation Trust,9,7,5,316981,13994,16457,17148,15474,13693,15671,16654,17148,17148,19415,22863,25428,24442,22274,22686,15570,10428,9446,4913,537000000,0.758352668,8620
Northumbria Healthcare NHS Foundation Trust,7,5,3,318254,14050,16523,17217,15536,13748,15734,16721,17217,17217,19493,22955,25530,24540,22363,22777,15632,10470,9483,4932,537000000,0.816268767,8126
Northumbria Healthcare NHS Foundation Trust,8,6,4,318254,14050,16523,17217,15536,13748,15734,16721,17217,17217,19493,22955,25530,24540,22363,22777,15632,10470,9483,4932,537000000,0.827600789,7094
Northumbria Healthcare NHS Foundation Trust,10,7,5,318254,14050,16523,17217,15536,13748,15734,16721,17217,17217,19493,22955,25530,24540,22363,22777,15632,10470,9483,4932,537000000,0.918765133,8260
Northumbria Healthcare NHS Foundation Trust,11,8,5,318254,14050,16523,17217,15536,13748,15734,16721,17217,17217,19493,22955,25530,24540,22363,22777,15632,10470,9483,4932,537000000,0.84209875,8081
Northumbria Healthcare NHS Foundation Trust,15,12,8,318254,14050,16523,17217,15536,13748,15734,16721,17217,17217,19493,22955,25530,24540,22363,22777,15632,10470,9483,4932,528464000,0.852630285,8136
Northumbria Healthcare NHS Foundation Trust,18,14,11,318254,14050,16523,17217,15536,13748,15734,16721,17217,17217,19493,22955,25530,24540,22363,22777,15632,10470,9483,4932,528464000,0.921341311,8022
Northumbria Healthcare NHS Foundation Trust,18,15,12,318254,14050,16523,17217,15536,13748,15734,16721,17217,17217,19493,22955,25530,24540,22363,22777,15632,10470,9483,4932,528464000,0.901485631,8212
Northumbria Healthcare NHS Foundation Trust,19,16,13,318254,14050,16523,17217,15536,13748,15734,16721,17217,17217,19493,22955,25530,24540,22363,22777,15632,10470,9483,4932,528464000,0.903973098,8029
Northumbria Healthcare NHS Foundation Trust,16,14,11,318254,14050,16523,17217,15536,13748,15734,16721,17217,17217,19493,22955,25530,24540,22363,22777,15632,10470,9483,4932,528464000,0.910803537,7803
Northumbria Healthcare NHS Foundation Trust,15,13,10,318254,14050,16523,17217,15536,13748,15734,16721,17217,17217,19493,22955,25530,24540,22363,22777,15632,10470,9483,4932,528464000,0.896981088,8513
Northumbria Healthcare NHS Foundation Trust,9,7,5,318254,14050,16523,17217,15536,13748,15734,16721,17217,17217,19493,22955,25530,24540,22363,22777,15632,10470,9483,4932,528464000,0.89746988,8300
Northumbria Healthcare NHS Foundation Trust,7,5,3,318254,14050,16523,17217,15536,13748,15734,16721,17217,17217,19493,22955,25530,24540,22363,22777,15632,10470,9483,4932,528464000,0.843093004,8419
Northumbria Healthcare NHS Foundation Trust,7,5,3,318440,14059,16533,17227,15545,13756,15743,16730,17227,17227,19504,22969,25545,24554,22376,22790,15641,10476,9489,4935,528464000,0.833948794,8124
Northumbria Healthcare NHS Foundation Trust,5,3,1,318440,14059,16533,17227,15545,13756,15743,16730,17227,17227,19504,22969,25545,24554,22376,22790,15641,10476,9489,4935,528464000,0.789199305,7481
Northumbria Healthcare NHS Foundation Trust,6,4,2,318440,14059,16533,17227,15545,13756,15743,16730,17227,17227,19504,22969,25545,24554,22376,22790,15641,10476,9489,4935,528464000,0.850889851,8316
Northumbria Healthcare NHS Foundation Trust,11,9,6,318440,14059,16533,17227,15545,13756,15743,16730,17227,17227,19504,22969,25545,24554,22376,22790,15641,10476,9489,4935,528464000,0.988392166,8322
Northumbria Healthcare NHS Foundation Trust,16,13,9,318440,14059,16533,17227,15545,13756,15743,16730,17227,17227,19504,22969,25545,24554,22376,22790,15641,10476,9489,4935,564500000,0.984522646,8967
Northumbria Healthcare NHS Foundation Trust,18,15,11,318440,14059,16533,17227,15545,13756,15743,16730,17227,17227,19504,22969,25545,24554,22376,22790,15641,10476,9489,4935,564500000,0.976320273,8636
Northumbria Healthcare NHS Foundation Trust,21,18,14,318440,14059,16533,17227,15545,13756,15743,16730,17227,17227,19504,22969,25545,24554,22376,22790,15641,10476,9489,4935,564500000,0.97467024,9290
Northumbria Healthcare NHS Foundation Trust,19,16,14,318440,14059,16533,17227,15545,13756,15743,16730,17227,17227,19504,22969,25545,24554,22376,22790,15641,10476,9489,4935,564500000,0.979065211,8938
Northumbria Healthcare NHS Foundation Trust,16,13,11,318440,14059,16533,17227,15545,13756,15743,16730,17227,17227,19504,22969,25545,24554,22376,22790,15641,10476,9489,4935,564500000,0.950748848,8683
Northumbria Healthcare NHS Foundation Trust,14,11,8,318440,14059,16533,17227,15545,13756,15743,16730,17227,17227,19504,22969,25545,24554,22376,22790,15641,10476,9489,4935,564500000,0.964612758,9077
Northumbria Healthcare NHS Foundation Trust,11,9,7,318440,14059,16533,17227,15545,13756,15743,16730,17227,17227,19504,22969,25545,24554,22376,22790,15641,10476,9489,4935,564500000,0.947285157,8758
Northumbria Healthcare NHS Foundation Trust,8,6,5,318440,14059,16533,17227,15545,13756,15743,16730,17227,17227,19504,22969,25545,24554,22376,22790,15641,10476,9489,4935,564500000,0.938217928,9198
Northumbria Healthcare NHS Foundation Trust,6,5,3,319010,14084,16562,17258,15573,13781,15771,16760,17258,17258,19539,23010,25590,24598,22416,22831,15669,10495,9506,4944,564500000,0.931270393,9414
Northumbria Healthcare NHS Foundation Trust,10,7,5,319010,14084,16562,17258,15573,13781,15771,16760,17258,17258,19539,23010,25590,24598,22416,22831,15669,10495,9506,4944,564500000,0.936171455,8365
Northumbria Healthcare NHS Foundation Trust,10,8,5,319010,14084,16562,17258,15573,13781,15771,16760,17258,17258,19539,23010,25590,24598,22416,22831,15669,10495,9506,4944,564500000,0.951609476,9079
Northumbria Healthcare NHS Foundation Trust,12,9,6,319010,14084,16562,17258,15573,13781,15771,16760,17258,17258,19539,23010,25590,24598,22416,22831,15669,10495,9506,4944,564500000,0.934991433,9096
Northumbria Healthcare NHS Foundation Trust,14,11,8,319010,14084,16562,17258,15573,13781,15771,16760,17258,17258,19539,23010,25590,24598,22416,22831,15669,10495,9506,4944,587534000,0.928186075,9173
Northumbria Healthcare NHS Foundation Trust,17,14,11,319010,14084,16562,17258,15573,13781,15771,16760,17258,17258,19539,23010,25590,24598,22416,22831,15669,10495,9506,4944,587534000,0.917937622,9001
Northumbria Healthcare NHS Foundation Trust,21,17,14,319010,14084,16562,17258,15573,13781,15771,16760,17258,17258,19539,23010,25590,24598,22416,22831,15669,10495,9506,4944,587534000,0.950091267,9501
Northumbria Healthcare NHS Foundation Trust,20,17,14,319010,14084,16562,17258,15573,13781,15771,16760,17258,17258,19539,23010,25590,24598,22416,22831,15669,10495,9506,4944,587534000,0.953232671,8904
Northumbria Healthcare NHS Foundation Trust,17,14,11,319010,14084,16562,17258,15573,13781,15771,16760,17258,17258,19539,23010,25590,24598,22416,22831,15669,10495,9506,4944,587534000,0.953899407,8907
Northumbria Healthcare NHS Foundation Trust,12,10,8,319010,14084,16562,17258,15573,13781,15771,16760,17258,17258,19539,23010,25590,24598,22416,22831,15669,10495,9506,4944,587534000,0.956521739,9239
Northumbria Healthcare NHS Foundation Trust,10,8,6,319010,14084,16562,17258,15573,13781,15771,16760,17258,17258,19539,23010,25590,24598,22416,22831,15669,10495,9506,4944,587534000,0.924362074,9363
Northumbria Healthcare NHS Foundation Trust,8,7,5,319010,14084,16562,17258,15573,13781,15771,16760,17258,17258,19539,23010,25590,24598,22416,22831,15669,10495,9506,4944,587534000,0.927231565,9286
Northumbria Healthcare NHS Foundation Trust,8,6,4,319500,14105,16588,17284,15597,13802,15796,16786,17284,17284,19569,23045,25630,24636,22451,22866,15693,10511,9521,4952,587534000,0.937223206,8811
Northumbria Healthcare NHS Foundation Trust,8,6,4,319500,14105,16588,17284,15597,13802,15796,16786,17284,17284,19569,23045,25630,24636,22451,22866,15693,10511,9521,4952,587534000,0.962031439,8030
Northumbria Healthcare NHS Foundation Trust,8,5,3,319500,14105,16588,17284,15597,13802,15796,16786,17284,17284,19569,23045,25630,24636,22451,22866,15693,10511,9521,4952,587534000,0.97026752,7044
Northumbria Healthcare NHS Foundation Trust,9,6,3,319500,14105,16588,17284,15597,13802,15796,16786,17284,17284,19569,23045,25630,24636,22451,22866,15693,10511,9521,4952,587534000,0.997026532,5047
Northumbria Healthcare NHS Foundation Trust,12,9,5,319500,14105,16588,17284,15597,13802,15796,16786,17284,17284,19569,23045,25630,24636,22451,22866,15693,10511,9521,4952,692822000,0.997185021,6310
Northumbria Healthcare NHS Foundation Trust,15,12,8,319500,14105,16588,17284,15597,13802,15796,16786,17284,17284,19569,23045,25630,24636,22451,22866,15693,10511,9521,4952,692822000,0.994602514,6920
Northumbria Healthcare NHS Foundation Trust,17,14,11,319500,14105,16588,17284,15597,13802,15796,16786,17284,17284,19569,23045,25630,24636,22451,22866,15693,10511,9521,4952,692822000,0.991486068,7727
Northumbria Healthcare NHS Foundation Trust,17,14,11,319500,14105,16588,17284,15597,13802,15796,16786,17284,17284,19569,23045,25630,24636,22451,22866,15693,10511,9521,4952,692822000,0.976786362,7997
Northumbria Healthcare NHS Foundation Trust,19,16,13,319500,14105,16588,17284,15597,13802,15796,16786,17284,17284,19569,23045,25630,24636,22451,22866,15693,10511,9521,4952,692822000,0.978072209,7557
Northumbria Healthcare NHS Foundation Trust,14,12,9,319500,14105,16588,17284,15597,13802,15796,16786,17284,17284,19569,23045,25630,24636,22451,22866,15693,10511,9521,4952,692822000,0.962054189,7515
Northumbria Healthcare NHS Foundation Trust,10,8,6,319500,14105,16588,17284,15597,13802,15796,16786,17284,17284,19569,23045,25630,24636,22451,22866,15693,10511,9521,4952,692822000,0.957120862,6878
Northumbria Healthcare NHS Foundation Trust,7,5,3,319500,14105,16588,17284,15597,13802,15796,16786,17284,17284,19569,23045,25630,24636,22451,22866,15693,10511,9521,4952,692822000,0.953911368,6811
Northumbria Healthcare NHS Foundation Trust,4,3,1,320000,14128,16614,17312,15621,13824,15820,16812,17312,17312,19600,23081,25670,24675,22486,22902,15718,10528,9536,4960,692822000,0.941646819,6428
Northumbria Healthcare NHS Foundation Trust,6,4,2,320000,14128,16614,17312,15621,13824,15820,16812,17312,17312,19600,23081,25670,24675,22486,22902,15718,10528,9536,4960,692822000,0.958207409,6145
Northumbria Healthcare NHS Foundation Trust,10,7,4,320000,14128,16614,17312,15621,13824,15820,16812,17312,17312,19600,23081,25670,24675,22486,22902,15718,10528,9536,4960,692822000,0.960117185,7329
Northumbria Healthcare NHS Foundation Trust,9,6,2,320000,14128,16614,17312,15621,13824,15820,16812,17312,17312,19600,23081,25670,24675,22486,22902,15718,10528,9536,4960,692822000,0.955576069,8007
Northumbria Healthcare NHS Foundation Trust,12,9,5,320000,14128,16614,17312,15621,13824,15820,16812,17312,17312,19600,23081,25670,24675,22486,22902,15718,10528,9536,4960,704984000,0.958455364,8514
Northumbria Healthcare NHS Foundation Trust,18,15,10,320000,14128,16614,17312,15621,13824,15820,16812,17312,17312,19600,23081,25670,24675,22486,22902,15718,10528,9536,4960,704984000,0.950244908,8724
Northumbria Healthcare NHS Foundation Trust,20,16,13,320000,14128,16614,17312,15621,13824,15820,16812,17312,17312,19600,23081,25670,24675,22486,22902,15718,10528,9536,4960,704984000,0.920205515,8624
Northumbria Healthcare NHS Foundation Trust,19,15,12,320000,14128,16614,17312,15621,13824,15820,16812,17312,17312,19600,23081,25670,24675,22486,22902,15718,10528,9536,4960,704984000,0.92700303,8432
Northumbria Healthcare NHS Foundation Trust,18,15,12,320000,14128,16614,17312,15621,13824,15820,16812,17312,17312,19600,23081,25670,24675,22486,22902,15718,10528,9536,4960,704984000,0.905893437,8716
Northumbria Healthcare NHS Foundation Trust,14,12,9,320000,14128,16614,17312,15621,13824,15820,16812,17312,17312,19600,23081,25670,24675,22486,22902,15718,10528,9536,4960,704984000,0.901449123,8983
Northumbria Healthcare NHS Foundation Trust,10,8,6,320000,14128,16614,17312,15621,13824,15820,16812,17312,17312,19600,23081,25670,24675,22486,22902,15718,10528,9536,4960,704984000,0.910080317,8209
Northumbria Healthcare NHS Foundation Trust,7,5,3,320000,14128,16614,17312,15621,13824,15820,16812,17312,17312,19600,23081,25670,24675,22486,22902,15718,10528,9536,4960,704984000,0.910027555,8456
Northumbria Healthcare NHS Foundation Trust,8,5,3,320540,14151,16642,17341,15648,13847,15847,16841,17341,17341,19633,23120,25713,24716,22524,22941,15744,10545,9552,4968,704984000,0.941158574,8182
Northumbria Healthcare NHS Foundation Trust,9,6,3,320540,14151,16642,17341,15648,13847,15847,16841,17341,17341,19633,23120,25713,24716,22524,22941,15744,10545,9552,4968,704984000,0.930654726,7753
Northumbria Healthcare NHS Foundation Trust,11,7,4,320540,14151,16642,17341,15648,13847,15847,16841,17341,17341,19633,23120,25713,24716,22524,22941,15744,10545,9552,4968,704984000,0.900031453,8987
Northumbria Healthcare NHS Foundation Trust,11,8,4,320540,14151,16642,17341,15648,13847,15847,16841,17341,17341,19633,23120,25713,24716,22524,22941,15744,10545,9552,4968,704984000,0.933789344,8424
Northumbria Healthcare NHS Foundation Trust,15,12,8,320540,14151,16642,17341,15648,13847,15847,16841,17341,17341,19633,23120,25713,24716,22524,22941,15744,10545,9552,4968,806090000,0.918199609,9148
Northumbria Healthcare NHS Foundation Trust,18,14,10,320540,14151,16642,17341,15648,13847,15847,16841,17341,17341,19633,23120,25713,24716,22524,22941,15744,10545,9552,4968,806090000,0.924306558,8899
Northumbria Healthcare NHS Foundation Trust,21,17,13,320540,14151,16642,17341,15648,13847,15847,16841,17341,17341,19633,23120,25713,24716,22524,22941,15744,10545,9552,4968,806090000,0.89520245,9214
Northumbria Healthcare NHS Foundation Trust,21,17,13,320540,14151,16642,17341,15648,13847,15847,16841,17341,17341,19633,23120,25713,24716,22524,22941,15744,10545,9552,4968,806090000,0.921532847,8626
Northumbria Healthcare NHS Foundation Trust,17,14,10,320540,14151,16642,17341,15648,13847,15847,16841,17341,17341,19633,23120,25713,24716,22524,22941,15744,10545,9552,4968,806090000,0.900159915,8578
Northumbria Healthcare NHS Foundation Trust,15,12,9,320540,14151,16642,17341,15648,13847,15847,16841,17341,17341,19633,23120,25713,24716,22524,22941,15744,10545,9552,4968,806090000,0.901801221,9349
Northumbria Healthcare NHS Foundation Trust,11,9,7,320540,14151,16642,17341,15648,13847,15847,16841,17341,17341,19633,23120,25713,24716,22524,22941,15744,10545,9552,4968,806090000,0.907419978,9143
Northumbria Healthcare NHS Foundation Trust,6,4,2,320540,14151,16642,17341,15648,13847,15847,16841,17341,17341,19633,23120,25713,24716,22524,22941,15744,10545,9552,4968,806090000,0.887963127,10342
Northumbria Healthcare NHS Foundation Trust,7,5,3,321080,14175,16670,17370,15674,13870,15874,16869,17370,17370,19666,23159,25757,24758,22562,22979,15771,10563,9568,4976,806090000,0.93532727,8476
Northumbria Healthcare NHS Foundation Trust,10,7,5,321080,14175,16670,17370,15674,13870,15874,16869,17370,17370,19666,23159,25757,24758,22562,22979,15771,10563,9568,4976,806090000,0.92325822,7986
Northumbria Healthcare NHS Foundation Trust,9,6,3,321080,14175,16670,17370,15674,13870,15874,16869,17370,17370,19666,23159,25757,24758,22562,22979,15771,10563,9568,4976,806090000,0.893034826,9014
Northumbria Healthcare NHS Foundation Trust,11,8,5,321080,14175,16670,17370,15674,13870,15874,16869,17370,17370,19666,23159,25757,24758,22562,22979,15771,10563,9568,4976,806090000,0.927567086,8914
Northumbria Healthcare NHS Foundation Trust,15,11,8,321080,14175,16670,17370,15674,13870,15874,16869,17370,17370,19666,23159,25757,24758,22562,22979,15771,10563,9568,4976,806090000,0.920251013,9749
Northumbria Healthcare NHS Foundation Trust,19,15,11,321080,14175,16670,17370,15674,13870,15874,16869,17370,17370,19666,23159,25757,24758,22562,22979,15771,10563,9568,4976,806090000,0.903704073,9227
Northumbria Healthcare NHS Foundation Trust,19,15,12,321080,14175,16670,17370,15674,13870,15874,16869,17370,17370,19666,23159,25757,24758,22562,22979,15771,10563,9568,4976,806090000,0.94195544,9375
Northumbria Healthcare NHS Foundation Trust,19,15,12,321080,14175,16670,17370,15674,13870,15874,16869,17370,17370,19666,23159,25757,24758,22562,22979,15771,10563,9568,4976,806090000,0.917664965,9247
Northumbria Healthcare NHS Foundation Trust,18,15,12,321080,14175,16670,17370,15674,13870,15874,16869,17370,17370,19666,23159,25757,24758,22562,22979,15771,10563,9568,4976,806090000,0.915654889,9078
Northumbria Healthcare NHS Foundation Trust,13,11,8,321080,14175,16670,17370,15674,13870,15874,16869,17370,17370,19666,23159,25757,24758,22562,22979,15771,10563,9568,4976,806090000,0.879184025,9804
Northumbria Healthcare NHS Foundation Trust,9,7,5,321080,14175,16670,17370,15674,13870,15874,16869,17370,17370,19666,23159,25757,24758,22562,22979,15771,10563,9568,4976,806090000,0.870273668,9917
Northumbria Healthcare NHS Foundation Trust,8,7,5,321080,14175,16670,17370,15674,13870,15874,16869,17370,17370,19666,23159,25757,24758,22562,22979,15771,10563,9568,4976,806090000,0.873937612,10168
Airedale NHS Foundation Trust,4,2,-1,14811,668,753,810,768,627,752,810,799,801,912,1125,1193,1087,962,1013,730,568,481,463,124824000,0.987327189,3472
Airedale NHS Foundation Trust,7,4,2,14811,668,753,810,768,627,752,810,799,801,912,1125,1193,1087,962,1013,730,568,481,463,124824000,0.991091314,3592
Airedale NHS Foundation Trust,9,5,2,14811,668,753,810,768,627,752,810,799,801,912,1125,1193,1087,962,1013,730,568,481,463,124824000,0.984,4500
Airedale NHS Foundation Trust,15,10,5,14811,668,753,810,768,627,752,810,799,801,912,1125,1193,1087,962,1013,730,568,481,463,124824000,0.98136646,4508
Airedale NHS Foundation Trust,13,10,6,14811,668,753,810,768,627,752,810,799,801,912,1125,1193,1087,962,1013,730,568,481,463,124824000,0.993408663,4248
Airedale NHS Foundation Trust,16,12,7,14811,668,753,810,768,627,752,810,799,801,912,1125,1193,1087,962,1013,730,568,481,463,124824000,0.983824929,4204
Airedale NHS Foundation Trust,17,13,9,14811,668,753,810,768,627,752,810,799,801,912,1125,1193,1087,962,1013,730,568,481,463,124824000,0.983591613,4388
Airedale NHS Foundation Trust,17,13,10,14811,668,753,810,768,627,752,810,799,801,912,1125,1193,1087,962,1013,730,568,481,463,124824000,0.988405797,4140
Airedale NHS Foundation Trust,16,13,10,14811,668,753,810,768,627,752,810,799,801,912,1125,1193,1087,962,1013,730,568,481,463,124824000,0.989729225,4284
Airedale NHS Foundation Trust,13,11,8,14811,668,753,810,768,627,752,810,799,801,912,1125,1193,1087,962,1013,730,568,481,463,124824000,0.879393285,4200
Airedale NHS Foundation Trust,10,8,6,14811,668,753,810,768,627,752,810,799,801,912,1125,1193,1087,962,1013,730,568,481,463,124824000,0.977045908,4008
Airedale NHS Foundation Trust,6,4,2,14811,668,753,810,768,627,752,810,799,801,912,1125,1193,1087,962,1013,730,568,481,463,124824000,0.97737069,3712
Airedale NHS Foundation Trust,6,3,1,14927,674,759,816,774,632,758,816,806,807,919,1134,1203,1095,970,1021,735,573,485,466,127548000,0.978439425,3896
Airedale NHS Foundation Trust,5,3,0,14927,674,759,816,774,632,758,816,806,807,919,1134,1203,1095,970,1021,735,573,485,466,127548000,0.95224977,4356
Airedale NHS Foundation Trust,11,7,3,14927,674,759,816,774,632,758,816,806,807,919,1134,1203,1095,970,1021,735,573,485,466,127548000,0.879393285,4460
Airedale NHS Foundation Trust,9,5,2,14927,674,759,816,774,632,758,816,806,807,919,1134,1203,1095,970,1021,735,573,485,466,127548000,0.946345976,4324
Airedale NHS Foundation Trust,14,10,5,14927,674,759,816,774,632,758,816,806,807,919,1134,1203,1095,970,1021,735,573,485,466,127548000,0.973751058,4724
Airedale NHS Foundation Trust,15,11,8,14927,674,759,816,774,632,758,816,806,807,919,1134,1203,1095,970,1021,735,573,485,466,127548000,0.977876106,4520
Airedale NHS Foundation Trust,16,13,10,14927,674,759,816,774,632,758,816,806,807,919,1134,1203,1095,970,1021,735,573,485,466,127548000,0.974774775,4440
Airedale NHS Foundation Trust,18,14,11,14927,674,759,816,774,632,758,816,806,807,919,1134,1203,1095,970,1021,735,573,485,466,127548000,0.967149758,4140
Airedale NHS Foundation Trust,15,11,8,14927,674,759,816,774,632,758,816,806,807,919,1134,1203,1095,970,1021,735,573,485,466,127548000,0.965485922,4404
Airedale NHS Foundation Trust,11,7,4,14927,674,759,816,774,632,758,816,806,807,919,1134,1203,1095,970,1021,735,573,485,466,127548000,0.938134811,4332
Airedale NHS Foundation Trust,7,5,2,14927,674,759,816,774,632,758,816,806,807,919,1134,1203,1095,970,1021,735,573,485,466,127548000,0.983151635,4036
Airedale NHS Foundation Trust,5,3,1,14927,674,759,816,774,632,758,816,806,807,919,1134,1203,1095,970,1021,735,573,485,466,127548000,0.962425278,4684
Airedale NHS Foundation Trust,4,2,0,15043,679,765,822,780,637,764,822,812,813,926,1143,1212,1104,977,1028,741,577,488,470,138179000,0.945770065,3688
Airedale NHS Foundation Trust,4,1,-1,15043,679,765,822,780,637,764,822,812,813,926,1143,1212,1104,977,1028,741,577,488,470,138179000,0.9498998,3992
Airedale NHS Foundation Trust,4,0,-2,15043,679,765,822,780,637,764,822,812,813,926,1143,1212,1104,977,1028,741,577,488,470,138179000,0.962708538,4076
Airedale NHS Foundation Trust,9,5,1,15043,679,765,822,780,637,764,822,812,813,926,1143,1212,1104,977,1028,741,577,488,470,138179000,0.944944945,3996
Airedale NHS Foundation Trust,13,9,4,15043,679,765,822,780,637,764,822,812,813,926,1143,1212,1104,977,1028,741,577,488,470,138179000,0.985279686,4076
Airedale NHS Foundation Trust,16,12,7,15043,679,765,822,780,637,764,822,812,813,926,1143,1212,1104,977,1028,741,577,488,470,138179000,0.991604478,4288
Airedale NHS Foundation Trust,22,17,11,15043,679,765,822,780,637,764,822,812,813,926,1143,1212,1104,977,1028,741,577,488,470,138179000,0.967830882,4352
Airedale NHS Foundation Trust,19,15,11,15043,679,765,822,780,637,764,822,812,813,926,1143,1212,1104,977,1028,741,577,488,470,138179000,0.982727273,4400
Airedale NHS Foundation Trust,16,12,8,15043,679,765,822,780,637,764,822,812,813,926,1143,1212,1104,977,1028,741,577,488,470,138179000,0.954382826,4472
Airedale NHS Foundation Trust,13,10,8,15043,679,765,822,780,637,764,822,812,813,926,1143,1212,1104,977,1028,741,577,488,470,138179000,0.916015625,4096
Airedale NHS Foundation Trust,7,5,2,15043,679,765,822,780,637,764,822,812,813,926,1143,1212,1104,977,1028,741,577,488,470,138179000,0.966701353,3844
Airedale NHS Foundation Trust,7,5,2,15043,679,765,822,780,637,764,822,812,813,926,1143,1212,1104,977,1028,741,577,488,470,138179000,0.947698745,3824
Airedale NHS Foundation Trust,6,3,2,15159,684,771,829,786,642,770,829,818,820,933,1152,1221,1112,985,1036,747,582,492,474,146963000,0.940251572,3816
Airedale NHS Foundation Trust,6,4,2,15159,684,771,829,786,642,770,829,818,820,933,1152,1221,1112,985,1036,747,582,492,474,146963000,0.970347648,3912
Airedale NHS Foundation Trust,10,6,2,15159,684,771,829,786,642,770,829,818,820,933,1152,1221,1112,985,1036,747,582,492,474,146963000,0.987854251,3952
Airedale NHS Foundation Trust,13,9,5,15159,684,771,829,786,642,770,829,818,820,933,1152,1221,1112,985,1036,747,582,492,474,146963000,0.941391941,4368
Airedale NHS Foundation Trust,14,10,6,15159,684,771,829,786,642,770,829,818,820,933,1152,1221,1112,985,1036,747,582,492,474,146963000,0.948210923,4248
Airedale NHS Foundation Trust,17,13,9,15159,684,771,829,786,642,770,829,818,820,933,1152,1221,1112,985,1036,747,582,492,474,146963000,0.969479354,4456
Airedale NHS Foundation Trust,20,16,11,15159,684,771,829,786,642,770,829,818,820,933,1152,1221,1112,985,1036,747,582,492,474,146963000,0.972477064,4360
Airedale NHS Foundation Trust,17,13,9,15159,684,771,829,786,642,770,829,818,820,933,1152,1221,1112,985,1036,747,582,492,474,146963000,0.977955912,3992
Airedale NHS Foundation Trust,18,13,9,15159,684,771,829,786,642,770,829,818,820,933,1152,1221,1112,985,1036,747,582,492,474,146963000,0.950867052,4152
Airedale NHS Foundation Trust,13,10,8,15159,684,771,829,786,642,770,829,818,820,933,1152,1221,1112,985,1036,747,582,492,474,146963000,0.968367347,3920
Airedale NHS Foundation Trust,9,7,5,15159,684,771,829,786,642,770,829,818,820,933,1152,1221,1112,985,1036,747,582,492,474,146963000,0.960446247,3944
Airedale NHS Foundation Trust,6,4,2,15159,684,771,829,786,642,770,829,818,820,933,1152,1221,1112,985,1036,747,582,492,474,146963000,0.861463415,4100
Airedale NHS Foundation Trust,5,3,0,15275,689,777,835,792,647,775,835,824,826,940,1160,1231,1121,992,1044,753,586,496,477,157701000,0.981111111,3600
Airedale NHS Foundation Trust,5,2,0,15275,689,777,835,792,647,775,835,824,826,940,1160,1231,1121,992,1044,753,586,496,477,157701000,0.97025641,3900
Airedale NHS Foundation Trust,8,5,2,15275,689,777,835,792,647,775,835,824,826,940,1160,1231,1121,992,1044,753,586,496,477,157701000,0.944927536,4140
Airedale NHS Foundation Trust,16,12,7,15275,689,777,835,792,647,775,835,824,826,940,1160,1231,1121,992,1044,753,586,496,477,157701000,0.942100732,4646
Airedale NHS Foundation Trust,17,14,9,15275,689,777,835,792,647,775,835,824,826,940,1160,1231,1121,992,1044,753,586,496,477,157701000,0.958388086,4566
Airedale NHS Foundation Trust,18,14,11,15275,689,777,835,792,647,775,835,824,826,940,1160,1231,1121,992,1044,753,586,496,477,157701000,0.975604347,4509
Airedale NHS Foundation Trust,15,11,8,15275,689,777,835,792,647,775,835,824,826,940,1160,1231,1121,992,1044,753,586,496,477,157701000,0.970607735,4525
Airedale NHS Foundation Trust,13,9,6,15275,689,777,835,792,647,775,835,824,826,940,1160,1231,1121,992,1044,753,586,496,477,157701000,0.95069808,4584
Airedale NHS Foundation Trust,11,8,6,15275,689,777,835,792,647,775,835,824,826,940,1160,1231,1121,992,1044,753,586,496,477,157701000,0.94418276,4246
Airedale NHS Foundation Trust,10,8,5,15275,689,777,835,792,647,775,835,824,826,940,1160,1231,1121,992,1044,753,586,496,477,157701000,0.943486155,4406
Airedale NHS Foundation Trust,6,4,2,15391,695,783,841,798,652,781,841,831,832,948,1169,1240,1129,1000,1052,758,591,500,481,164375000,0.961698402,4569
Airedale NHS Foundation Trust,6,3,1,15391,695,783,841,798,652,781,841,831,832,948,1169,1240,1129,1000,1052,758,591,500,481,164375000,0.934210526,4332
Airedale NHS Foundation Trust,8,4,1,15391,695,783,841,798,652,781,841,831,832,948,1169,1240,1129,1000,1052,758,591,500,481,164375000,0.969560776,4895
Airedale NHS Foundation Trust,9,6,2,15391,695,783,841,798,652,781,841,831,832,948,1169,1240,1129,1000,1052,758,591,500,481,164375000,0.934925504,4564
Airedale NHS Foundation Trust,14,10,6,15391,695,783,841,798,652,781,841,831,832,948,1169,1240,1129,1000,1052,758,591,500,481,164375000,0.92423945,5095
Airedale NHS Foundation Trust,17,13,9,15391,695,783,841,798,652,781,841,831,832,948,1169,1240,1129,1000,1052,758,591,500,481,164375000,0.9414791,4665
Airedale NHS Foundation Trust,18,14,10,15391,695,783,841,798,652,781,841,831,832,948,1169,1240,1129,1000,1052,758,591,500,481,164375000,0.903200625,5124
Airedale NHS Foundation Trust,18,15,11,15391,695,783,841,798,652,781,841,831,832,948,1169,1240,1129,1000,1052,758,591,500,481,164375000,0.888142707,4765
Airedale NHS Foundation Trust,18,14,11,15391,695,783,841,798,652,781,841,831,832,948,1169,1240,1129,1000,1052,758,591,500,481,164375000,0.913402498,4723
Airedale NHS Foundation Trust,12,9,6,15391,695,783,841,798,652,781,841,831,832,948,1169,1240,1129,1000,1052,758,591,500,481,164375000,0.901690025,4852
Airedale NHS Foundation Trust,7,4,2,15391,695,783,841,798,652,781,841,831,832,948,1169,1240,1129,1000,1052,758,591,500,481,164375000,0.908178844,4585
Airedale NHS Foundation Trust,8,6,4,15391,695,783,841,798,652,781,841,831,832,948,1169,1240,1129,1000,1052,758,591,500,481,168955000,0.869915651,5335
Airedale NHS Foundation Trust,5,3,1,15507,700,789,848,804,657,787,848,837,838,955,1178,1249,1138,1007,1060,764,595,503,484,168955000,0.883907126,4996
Airedale NHS Foundation Trust,7,5,3,15507,700,789,848,804,657,787,848,837,838,955,1178,1249,1138,1007,1060,764,595,503,484,168955000,0.944505134,4577
Airedale NHS Foundation Trust,10,7,4,15507,700,789,848,804,657,787,848,837,838,955,1178,1249,1138,1007,1060,764,595,503,484,168955000,0.930839416,5480
Airedale NHS Foundation Trust,11,7,3,15507,700,789,848,804,657,787,848,837,838,955,1178,1249,1138,1007,1060,764,595,503,484,168955000,0.932681459,5318
Airedale NHS Foundation Trust,15,11,7,15507,700,789,848,804,657,787,848,837,838,955,1178,1249,1138,1007,1060,764,595,503,484,168955000,0.937369882,5764
Airedale NHS Foundation Trust,17,14,10,15507,700,789,848,804,657,787,848,837,838,955,1178,1249,1138,1007,1060,764,595,503,484,168955000,0.952249263,5424
Airedale NHS Foundation Trust,18,14,11,15507,700,789,848,804,657,787,848,837,838,955,1178,1249,1138,1007,1060,764,595,503,484,168955000,0.956499133,5770
Airedale NHS Foundation Trust,18,14,11,15507,700,789,848,804,657,787,848,837,838,955,1178,1249,1138,1007,1060,764,595,503,484,168955000,0.931674641,5225
Airedale NHS Foundation Trust,15,12,9,15507,700,789,848,804,657,787,848,837,838,955,1178,1249,1138,1007,1060,764,595,503,484,168955000,0.931563741,5538
Airedale NHS Foundation Trust,14,11,9,15507,700,789,848,804,657,787,848,837,838,955,1178,1249,1138,1007,1060,764,595,503,484,168955000,0.941229493,5547
Airedale NHS Foundation Trust,8,6,4,15507,700,789,848,804,657,787,848,837,838,955,1178,1249,1138,1007,1060,764,595,503,484,168955000,0.928545052,5416
Airedale NHS Foundation Trust,6,4,2,15507,700,789,848,804,657,787,848,837,838,955,1178,1249,1138,1007,1060,764,595,503,484,168955000,0.908642395,5878
Airedale NHS Foundation Trust,6,4,2,15623,705,795,854,810,662,793,854,843,845,962,1187,1259,1146,1015,1068,770,599,507,488,185716000,0.925645756,5420
Airedale NHS Foundation Trust,4,2,0,15623,705,795,854,810,662,793,854,843,845,962,1187,1259,1146,1015,1068,770,599,507,488,185716000,0.913491896,4751
Airedale NHS Foundation Trust,6,3,1,15623,705,795,854,810,662,793,854,843,845,962,1187,1259,1146,1015,1068,770,599,507,488,185716000,0.934107824,5509
Airedale NHS Foundation Trust,11,8,5,15623,705,795,854,810,662,793,854,843,845,962,1187,1259,1146,1015,1068,770,599,507,488,185716000,0.922694644,4681
Airedale NHS Foundation Trust,17,13,8,15623,705,795,854,810,662,793,854,843,845,962,1187,1259,1146,1015,1068,770,599,507,488,185716000,0.929974651,5356
Airedale NHS Foundation Trust,19,15,11,15623,705,795,854,810,662,793,854,843,845,962,1187,1259,1146,1015,1068,770,599,507,488,185716000,0.932091242,4889
Airedale NHS Foundation Trust,22,18,13,15623,705,795,854,810,662,793,854,843,845,962,1187,1259,1146,1015,1068,770,599,507,488,185716000,0.916406635,5277
Airedale NHS Foundation Trust,19,15,12,15623,705,795,854,810,662,793,854,843,845,962,1187,1259,1146,1015,1068,770,599,507,488,185716000,0.897821577,4968
Airedale NHS Foundation Trust,15,12,9,15623,705,795,854,810,662,793,854,843,845,962,1187,1259,1146,1015,1068,770,599,507,488,185716000,0.90238764,4905
Airedale NHS Foundation Trust,13,10,7,15623,705,795,854,810,662,793,854,843,845,962,1187,1259,1146,1015,1068,770,599,507,488,185716000,0.92716008,5019
Airedale NHS Foundation Trust,9,7,5,15623,705,795,854,810,662,793,854,843,845,962,1187,1259,1146,1015,1068,770,599,507,488,185716000,0.934574372,4731
Airedale NHS Foundation Trust,8,6,4,15623,705,795,854,810,662,793,854,843,845,962,1187,1259,1146,1015,1068,770,599,507,488,185716000,0.875497147,5101
Airedale NHS Foundation Trust,5,3,1,15739,710,801,860,816,667,799,860,849,851,969,1196,1268,1155,1023,1076,775,604,511,492,185716000,0.87752655,5103
Airedale NHS Foundation Trust,9,6,4,15739,710,801,860,816,667,799,860,849,851,969,1196,1268,1155,1023,1076,775,604,511,492,185716000,0.88590604,4671
Airedale NHS Foundation Trust,9,7,4,15739,710,801,860,816,667,799,860,849,851,969,1196,1268,1155,1023,1076,775,604,511,492,210097000,0.877896161,5083
Airedale NHS Foundation Trust,12,8,4,15739,710,801,860,816,667,799,860,849,851,969,1196,1268,1155,1023,1076,775,604,511,492,210097000,0.860941734,5211
Airedale NHS Foundation Trust,14,10,6,15739,710,801,860,816,667,799,860,849,851,969,1196,1268,1155,1023,1076,775,604,511,492,210097000,0.898402019,5288
Airedale NHS Foundation Trust,16,13,10,15739,710,801,860,816,667,799,860,849,851,969,1196,1268,1155,1023,1076,775,604,511,492,210097000,0.859191431,5221
Airedale NHS Foundation Trust,20,17,13,15739,710,801,860,816,667,799,860,849,851,969,1196,1268,1155,1023,1076,775,604,511,492,210097000,0.904807539,5674
Airedale NHS Foundation Trust,19,16,13,15739,710,801,860,816,667,799,860,849,851,969,1196,1268,1155,1023,1076,775,604,511,492,210097000,0.883069224,5360
Airedale NHS Foundation Trust,16,13,10,15739,710,801,860,816,667,799,860,849,851,969,1196,1268,1155,1023,1076,775,604,511,492,210097000,0.882561078,5225
Airedale NHS Foundation Trust,11,9,7,15739,710,801,860,816,667,799,860,849,851,969,1196,1268,1155,1023,1076,775,604,511,492,210097000,0.853528628,5370
Airedale NHS Foundation Trust,7,5,3,15739,710,801,860,816,667,799,860,849,851,969,1196,1268,1155,1023,1076,775,604,511,492,210097000,0.829651941,5217
Airedale NHS Foundation Trust,7,5,3,15739,710,801,860,816,667,799,860,849,851,969,1196,1268,1155,1023,1076,775,604,511,492,210097000,0.782326186,5397
Airedale NHS Foundation Trust,7,5,3,15855,716,807,867,822,672,805,867,856,857,976,1204,1277,1163,1030,1084,781,608,515,495,228000000,0.805860178,5138
Airedale NHS Foundation Trust,7,4,2,15855,716,807,867,822,672,805,867,856,857,976,1204,1277,1163,1030,1084,781,608,515,495,228000000,0.864396999,4593
Airedale NHS Foundation Trust,8,5,2,15855,716,807,867,822,672,805,867,856,857,976,1204,1277,1163,1030,1084,781,608,515,495,228000000,0.87040661,4145
Airedale NHS Foundation Trust,13,5,9,15855,716,807,867,822,672,805,867,856,857,976,1204,1277,1163,1030,1084,781,608,515,495,228000000,0.912157861,2953
Airedale NHS Foundation Trust,5,11,7,15855,716,807,867,822,672,805,867,856,857,976,1204,1277,1163,1030,1084,781,608,515,495,228000000,0.926231497,3858
Airedale NHS Foundation Trust,17,14,10,15855,716,807,867,822,672,805,867,856,857,976,1204,1277,1163,1030,1084,781,608,515,495,228000000,0.938217123,4216
Airedale NHS Foundation Trust,17,14,11,15855,716,807,867,822,672,805,867,856,857,976,1204,1277,1163,1030,1084,781,608,515,495,228000000,0.937314025,4668
Airedale NHS Foundation Trust,19,16,13,15855,716,807,867,822,672,805,867,856,857,976,1204,1277,1163,1030,1084,781,608,515,495,228000000,0.902207002,4913
Airedale NHS Foundation Trust,16,13,9,15855,716,807,867,822,672,805,867,856,857,976,1204,1277,1163,1030,1084,781,608,515,495,228000000,0.865252294,4927
Airedale NHS Foundation Trust,11,9,7,15855,716,807,867,822,672,805,867,856,857,976,1204,1277,1163,1030,1084,781,608,515,495,228000000,0.822962666,4574
Airedale NHS Foundation Trust,10,7,5,15855,716,807,867,822,672,805,867,856,857,976,1204,1277,1163,1030,1084,781,608,515,495,228000000,0.849177331,4056
Airedale NHS Foundation Trust,6,4,2,15855,716,807,867,822,672,805,867,856,857,976,1204,1277,1163,1030,1084,781,608,515,495,228000000,0.865892972,4347
Airedale NHS Foundation Trust,3,2,0,16084,726,818,879,834,681,817,879,868,870,990,1222,1296,1180,1045,1100,792,617,522,502,241000000,0.849099612,4096
Airedale NHS Foundation Trust,6,3,1,16084,726,818,879,834,681,817,879,868,870,990,1222,1296,1180,1045,1100,792,617,522,502,241000000,0.849914863,3833
Airedale NHS Foundation Trust,9,6,3,16084,726,818,879,834,681,817,879,868,870,990,1222,1296,1180,1045,1100,792,617,522,502,241000000,0.879354602,5049
Airedale NHS Foundation Trust,9,6,2,16084,726,818,879,834,681,817,879,868,870,990,1222,1296,1180,1045,1100,792,617,522,502,241000000,0.855202121,5733
Airedale NHS Foundation Trust,12,8,5,16084,726,818,879,834,681,817,879,868,870,990,1222,1296,1180,1045,1100,792,617,522,502,241000000,0.8334375,6061
Airedale NHS Foundation Trust,18,14,10,16084,726,818,879,834,681,817,879,868,870,990,1222,1296,1180,1045,1100,792,617,522,502,241000000,0.777911164,6302
Airedale NHS Foundation Trust,20,16,13,16084,726,818,879,834,681,817,879,868,870,990,1222,1296,1180,1045,1100,792,617,522,502,241000000,0.72066715,6546
Airedale NHS Foundation Trust,18,15,11,16084,726,818,879,834,681,817,879,868,870,990,1222,1296,1180,1045,1100,792,617,522,502,241000000,0.725060435,5890
Airedale NHS Foundation Trust,18,14,11,16084,726,818,879,834,681,817,879,868,870,990,1222,1296,1180,1045,1100,792,617,522,502,241000000,0.733058898,5996
Airedale NHS Foundation Trust,13,11,8,16084,726,818,879,834,681,817,879,868,870,990,1222,1296,1180,1045,1100,792,617,522,502,241000000,0.678871923,6117
Airedale NHS Foundation Trust,9,7,5,16084,726,818,879,834,681,817,879,868,870,990,1222,1296,1180,1045,1100,792,617,522,502,241000000,0.639181951,5827
Airedale NHS Foundation Trust,7,5,3,16084,726,818,879,834,681,817,879,868,870,990,1222,1296,1180,1045,1100,792,617,522,502,262000000,0.62462261,5646
Airedale NHS Foundation Trust,7,4,2,16200,731,824,886,840,686,822,886,874,876,997,1231,1305,1189,1053,1108,798,622,526,506,262000000,0.631597344,5433
Airedale NHS Foundation Trust,8,5,3,16200,731,824,886,840,686,822,886,874,876,997,1231,1305,1189,1053,1108,798,622,526,506,262000000,0.623954925,5233
Airedale NHS Foundation Trust,10,6,3,16200,731,824,886,840,686,822,886,874,876,997,1231,1305,1189,1053,1108,798,622,526,506,262000000,0.646472055,6487
Airedale NHS Foundation Trust,11,8,4,16200,731,824,886,840,686,822,886,874,876,997,1231,1305,1189,1053,1108,798,622,526,506,262000000,0.598427776,5850
Airedale NHS Foundation Trust,15,11,8,16200,731,824,886,840,686,822,886,874,876,997,1231,1305,1189,1053,1108,798,622,526,506,262000000,0.639001047,6378
Airedale NHS Foundation Trust,18,14,9,16200,731,824,886,840,686,822,886,874,876,997,1231,1305,1189,1053,1108,798,622,526,506,262000000,0.6280627,6281
Airedale NHS Foundation Trust,21,17,12,16200,731,824,886,840,686,822,886,874,876,997,1231,1305,1189,1053,1108,798,622,526,506,262000000,0.582265276,6388
Airedale NHS Foundation Trust,21,17,12,16200,731,824,886,840,686,822,886,874,876,997,1231,1305,1189,1053,1108,798,622,526,506,262000000,0.595030655,5869
Airedale NHS Foundation Trust,16,13,9,16200,731,824,886,840,686,822,886,874,876,997,1231,1305,1189,1053,1108,798,622,526,506,262000000,0.627381555,5643
Airedale NHS Foundation Trust,14,11,9,16200,731,824,886,840,686,822,886,874,876,997,1231,1305,1189,1053,1108,798,622,526,506,262000000,0.567821301,5855
Airedale NHS Foundation Trust,10,8,6,16200,731,824,886,840,686,822,886,874,876,997,1231,1305,1189,1053,1108,798,622,526,506,262000000,0.516465863,5941
Airedale NHS Foundation Trust,5,3,1,16200,731,824,886,840,686,822,886,874,876,997,1231,1305,1189,1053,1108,798,622,526,506,262000000,0.456541912,6208
Airedale NHS Foundation Trust,6,4,2,16316,736,830,892,846,691,828,892,881,882,1005,1240,1315,1197,1060,1116,804,626,530,510,283000000,0.573446839,5224
Airedale NHS Foundation Trust,9,6,3,16316,736,830,892,846,691,828,892,881,882,1005,1240,1315,1197,1060,1116,804,626,530,510,283000000,0.552898412,4925
Airedale NHS Foundation Trust,8,5,2,16316,736,830,892,846,691,828,892,881,882,1005,1240,1315,1197,1060,1116,804,626,530,510,283000000,0.568707483,5573
Airedale NHS Foundation Trust,11,7,4,16316,736,830,892,846,691,828,892,881,882,1005,1240,1315,1197,1060,1116,804,626,530,510,283000000,0.577907182,5413
Airedale NHS Foundation Trust,16,11,7,16316,736,830,892,846,691,828,892,881,882,1005,1240,1315,1197,1060,1116,804,626,530,510,283000000,0.655968992,6124
Airedale NHS Foundation Trust,20,15,10,16316,736,830,892,846,691,828,892,881,882,1005,1240,1315,1197,1060,1116,804,626,530,510,283000000,0.691919987,6082
Airedale NHS Foundation Trust,18,14,11,16316,736,830,892,846,691,828,892,881,882,1005,1240,1315,1197,1060,1116,804,626,530,510,283000000,0.641871166,6180
Airedale NHS Foundation Trust,18,14,11,16316,736,830,892,846,691,828,892,881,882,1005,1240,1315,1197,1060,1116,804,626,530,510,283000000,0.585611511,5959
Airedale NHS Foundation Trust,18,15,12,16316,736,830,892,846,691,828,892,881,882,1005,1240,1315,1197,1060,1116,804,626,530,510,283000000,0.588691438,5899
Airedale NHS Foundation Trust,13,10,8,16316,736,830,892,846,691,828,892,881,882,1005,1240,1315,1197,1060,1116,804,626,530,510,283000000,0.553664303,6039
Airedale NHS Foundation Trust,8,6,4,16316,736,830,892,846,691,828,892,881,882,1005,1240,1315,1197,1060,1116,804,626,530,510,283000000,0.48060239,5833
Airedale NHS Foundation Trust,7,6,4,16316,736,830,892,846,691,828,892,881,882,1005,1240,1315,1197,1060,1116,804,626,530,510,283000000,0.487320304,5976
Leeds Teaching Hospitals NHS Trust,6,4,2,745770,42978,45491,44261,47505,64732,55656,55656,51980,47483,45089,46655,44261,37377,30949,31650,22037,16160,15795,120266,504468000,0.93,
Leeds Teaching Hospitals NHS Trust,0,-2,-4,745770,42978,45491,44261,47505,64732,55656,55656,51980,47483,45089,46655,44261,37377,30949,31650,22037,16160,15795,120266,504468000,0.944787078,3405
Leeds Teaching Hospitals NHS Trust,5,2,0,749640,43201,45728,44491,47752,65068,55945,55945,52249,47729,45323,46897,44491,37571,31110,31814,22151,16244,15877,120482,504468000,0.977481016,3819
Leeds Teaching Hospitals NHS Trust,8,5,2,749640,43201,45728,44491,47752,65068,55945,55945,52249,47729,45323,46897,44491,37571,31110,31814,22151,16244,15877,120482,504468000,0.978232015,3767
Leeds Teaching Hospitals NHS Trust,10,6,2,749640,43201,45728,44491,47752,65068,55945,55945,52249,47729,45323,46897,44491,37571,31110,31814,22151,16244,15877,120482,504468000,0.938118812,4040
Leeds Teaching Hospitals NHS Trust,16,10,5,749640,43201,45728,44491,47752,65068,55945,55945,52249,47729,45323,46897,44491,37571,31110,31814,22151,16244,15877,120482,504468000,0.944300518,3860
Leeds Teaching Hospitals NHS Trust,15,11,7,749640,43201,45728,44491,47752,65068,55945,55945,52249,47729,45323,46897,44491,37571,31110,31814,22151,16244,15877,120482,504468000,0.911870504,3892
Leeds Teaching Hospitals NHS Trust,17,13,8,749640,43201,45728,44491,47752,65068,55945,55945,52249,47729,45323,46897,44491,37571,31110,31814,22151,16244,15877,120482,504468000,0.982516556,3775
Leeds Teaching Hospitals NHS Trust,18,14,10,749640,43201,45728,44491,47752,65068,55945,55945,52249,47729,45323,46897,44491,37571,31110,31814,22151,16244,15877,120482,504468000,0.96405684,3589
Leeds Teaching Hospitals NHS Trust,18,14,10,749640,43201,45728,44491,47752,65068,55945,55945,52249,47729,45323,46897,44491,37571,31110,31814,22151,16244,15877,120482,504468000,0.964014043,3418
Leeds Teaching Hospitals NHS Trust,17,13,10,749640,43201,45728,44491,47752,65068,55945,55945,52249,47729,45323,46897,44491,37571,31110,31814,22151,16244,15877,120482,504468000,0.892848305,4041
Leeds Teaching Hospitals NHS Trust,14,11,8,749640,43201,45728,44491,47752,65068,55945,55945,52249,47729,45323,46897,44491,37571,31110,31814,22151,16244,15877,120482,504468000,0.879393285,
Leeds Teaching Hospitals NHS Trust,11,8,6,749640,43201,45728,44491,47752,65068,55945,55945,52249,47729,45323,46897,44491,37571,31110,31814,22151,16244,15877,120482,504468000,0.963010532,3893
Leeds Teaching Hospitals NHS Trust,7,5,2,749640,43201,45728,44491,47752,65068,55945,55945,52249,47729,45323,46897,44491,37571,31110,31814,22151,16244,15877,120482,504468000,0.970341522,3338
Leeds Teaching Hospitals NHS Trust,7,4,1,754120,43459,46001,44757,48037,65457,56279,56279,52562,48014,45594,47177,44757,37796,31295,32004,22284,16341,15972,120733,595495000,0.959641256,3791
Leeds Teaching Hospitals NHS Trust,6,3,0,754120,43459,46001,44757,48037,65457,56279,56279,52562,48014,45594,47177,44757,37796,31295,32004,22284,16341,15972,120733,595495000,0.951304348,4025
Leeds Teaching Hospitals NHS Trust,12,7,3,754120,43459,46001,44757,48037,65457,56279,56279,52562,48014,45594,47177,44757,37796,31295,32004,22284,16341,15972,120733,595495000,0.879393285,
Leeds Teaching Hospitals NHS Trust,9,6,2,754120,43459,46001,44757,48037,65457,56279,56279,52562,48014,45594,47177,44757,37796,31295,32004,22284,16341,15972,120733,595495000,0.948271015,3557
Leeds Teaching Hospitals NHS Trust,14,10,5,754120,43459,46001,44757,48037,65457,56279,56279,52562,48014,45594,47177,44757,37796,31295,32004,22284,16341,15972,120733,595495000,0.938232422,4096
Leeds Teaching Hospitals NHS Trust,15,12,8,754120,43459,46001,44757,48037,65457,56279,56279,52562,48014,45594,47177,44757,37796,31295,32004,22284,16341,15972,120733,595495000,0.96574615,3766
Leeds Teaching Hospitals NHS Trust,17,14,10,754120,43459,46001,44757,48037,65457,56279,56279,52562,48014,45594,47177,44757,37796,31295,32004,22284,16341,15972,120733,595495000,0.968299712,3817
Leeds Teaching Hospitals NHS Trust,19,15,11,754120,43459,46001,44757,48037,65457,56279,56279,52562,48014,45594,47177,44757,37796,31295,32004,22284,16341,15972,120733,595495000,0.960746637,3643
Leeds Teaching Hospitals NHS Trust,16,12,8,754120,43459,46001,44757,48037,65457,56279,56279,52562,48014,45594,47177,44757,37796,31295,32004,22284,16341,15972,120733,595495000,0.952242744,3790
Leeds Teaching Hospitals NHS Trust,12,8,5,754120,43459,46001,44757,48037,65457,56279,56279,52562,48014,45594,47177,44757,37796,31295,32004,22284,16341,15972,120733,595495000,0.947993664,3788
Leeds Teaching Hospitals NHS Trust,8,5,3,754120,43459,46001,44757,48037,65457,56279,56279,52562,48014,45594,47177,44757,37796,31295,32004,22284,16341,15972,120733,595495000,0.937229987,3935
Leeds Teaching Hospitals NHS Trust,5,3,1,754120,43459,46001,44757,48037,65457,56279,56279,52562,48014,45594,47177,44757,37796,31295,32004,22284,16341,15972,120733,595495000,0.843285598,3701
Leeds Teaching Hospitals NHS Trust,4,2,0,759219,43753,46312,45059,48362,65900,56660,56660,52917,48339,45902,47496,45059,38052,31507,32221,22434,16452,16080,121019,686522000,0.922442244,3636
Leeds Teaching Hospitals NHS Trust,5,2,-1,759219,43753,46312,45059,48362,65900,56660,56660,52917,48339,45902,47496,45059,38052,31507,32221,22434,16452,16080,121019,686522000,0.91141261,3759
Leeds Teaching Hospitals NHS Trust,5,1,-2,759219,43753,46312,45059,48362,65900,56660,56660,52917,48339,45902,47496,45059,38052,31507,32221,22434,16452,16080,121019,686522000,0.867777199,3842
Leeds Teaching Hospitals NHS Trust,10,6,2,759219,43753,46312,45059,48362,65900,56660,56660,52917,48339,45902,47496,45059,38052,31507,32221,22434,16452,16080,121019,686522000,0.918857432,3956
Leeds Teaching Hospitals NHS Trust,14,10,5,759219,43753,46312,45059,48362,65900,56660,56660,52917,48339,45902,47496,45059,38052,31507,32221,22434,16452,16080,121019,686522000,0.959156072,3697
Leeds Teaching Hospitals NHS Trust,18,13,8,759219,43753,46312,45059,48362,65900,56660,56660,52917,48339,45902,47496,45059,38052,31507,32221,22434,16452,16080,121019,686522000,0.973626971,3678
Leeds Teaching Hospitals NHS Trust,23,18,12,759219,43753,46312,45059,48362,65900,56660,56660,52917,48339,45902,47496,45059,38052,31507,32221,22434,16452,16080,121019,686522000,0.973516949,3776
Leeds Teaching Hospitals NHS Trust,20,16,12,759219,43753,46312,45059,48362,65900,56660,56660,52917,48339,45902,47496,45059,38052,31507,32221,22434,16452,16080,121019,686522000,0.983870968,3720
Leeds Teaching Hospitals NHS Trust,17,12,9,759219,43753,46312,45059,48362,65900,56660,56660,52917,48339,45902,47496,45059,38052,31507,32221,22434,16452,16080,121019,686522000,0.971230159,4032
Leeds Teaching Hospitals NHS Trust,14,11,8,759219,43753,46312,45059,48362,65900,56660,56660,52917,48339,45902,47496,45059,38052,31507,32221,22434,16452,16080,121019,686522000,0.960578842,4008
Leeds Teaching Hospitals NHS Trust,8,5,2,759219,43753,46312,45059,48362,65900,56660,56660,52917,48339,45902,47496,45059,38052,31507,32221,22434,16452,16080,121019,686522000,0.97858276,3782
Leeds Teaching Hospitals NHS Trust,8,5,2,759219,43753,46312,45059,48362,65900,56660,56660,52917,48339,45902,47496,45059,38052,31507,32221,22434,16452,16080,121019,686522000,0.980935359,3357
Leeds Teaching Hospitals NHS Trust,6,4,2,763150,43980,46552,45292,48612,66241,56953,56953,53191,48589,46140,47742,45292,38249,31670,32388,22551,16537,16163,121239,777549000,0.971638942,3667
Leeds Teaching Hospitals NHS Trust,7,4,2,763150,43980,46552,45292,48612,66241,56953,56953,53191,48589,46140,47742,45292,38249,31670,32388,22551,16537,16163,121239,777549000,0.925880923,4115
Leeds Teaching Hospitals NHS Trust,11,6,3,763150,43980,46552,45292,48612,66241,56953,56953,53191,48589,46140,47742,45292,38249,31670,32388,22551,16537,16163,121239,777549000,0.964544513,3864
Leeds Teaching Hospitals NHS Trust,14,9,5,763150,43980,46552,45292,48612,66241,56953,56953,53191,48589,46140,47742,45292,38249,31670,32388,22551,16537,16163,121239,777549000,0.935427136,3980
Leeds Teaching Hospitals NHS Trust,15,11,7,763150,43980,46552,45292,48612,66241,56953,56953,53191,48589,46140,47742,45292,38249,31670,32388,22551,16537,16163,121239,777549000,0.954432888,4038
Leeds Teaching Hospitals NHS Trust,18,14,9,763150,43980,46552,45292,48612,66241,56953,56953,53191,48589,46140,47742,45292,38249,31670,32388,22551,16537,16163,121239,777549000,0.949484795,3979
Leeds Teaching Hospitals NHS Trust,21,17,11,763150,43980,46552,45292,48612,66241,56953,56953,53191,48589,46140,47742,45292,38249,31670,32388,22551,16537,16163,121239,777549000,0.962623951,3933
Leeds Teaching Hospitals NHS Trust,18,14,10,763150,43980,46552,45292,48612,66241,56953,56953,53191,48589,46140,47742,45292,38249,31670,32388,22551,16537,16163,121239,777549000,0.945493794,3706
Leeds Teaching Hospitals NHS Trust,18,14,10,763150,43980,46552,45292,48612,66241,56953,56953,53191,48589,46140,47742,45292,38249,31670,32388,22551,16537,16163,121239,777549000,0.939134686,4091
Leeds Teaching Hospitals NHS Trust,14,11,8,763150,43980,46552,45292,48612,66241,56953,56953,53191,48589,46140,47742,45292,38249,31670,32388,22551,16537,16163,121239,777549000,0.955949367,3950
Leeds Teaching Hospitals NHS Trust,11,7,5,763150,43980,46552,45292,48612,66241,56953,56953,53191,48589,46140,47742,45292,38249,31670,32388,22551,16537,16163,121239,777549000,0.940937896,3945
Leeds Teaching Hospitals NHS Trust,6,4,2,763150,43980,46552,45292,48612,66241,56953,56953,53191,48589,46140,47742,45292,38249,31670,32388,22551,16537,16163,121239,777549000,0.897929425,3429
Leeds Teaching Hospitals NHS Trust,7,3,1,769294,44334,46926,45657,49004,66774,57412,57412,53619,48980,46511,48127,45657,38557,31925,32648,22732,16670,16293,121583,868576000,0.942341293,3434
Leeds Teaching Hospitals NHS Trust,6,3,1,769294,44334,46926,45657,49004,66774,57412,57412,53619,48980,46511,48127,45657,38557,31925,32648,22732,16670,16293,121583,868576000,0.956568654,3707
Leeds Teaching Hospitals NHS Trust,9,6,2,769294,44334,46926,45657,49004,66774,57412,57412,53619,48980,46511,48127,45657,38557,31925,32648,22732,16670,16293,121583,868576000,0.976074093,3887
Leeds Teaching Hospitals NHS Trust,17,13,8,769294,44334,46926,45657,49004,66774,57412,57412,53619,48980,46511,48127,45657,38557,31925,32648,22732,16670,16293,121583,868576000,0.951779838,16715
Leeds Teaching Hospitals NHS Trust,19,15,10,769294,44334,46926,45657,49004,66774,57412,57412,53619,48980,46511,48127,45657,38557,31925,32648,22732,16670,16293,121583,868576000,0.956667867,16662
Leeds Teaching Hospitals NHS Trust,20,15,11,769294,44334,46926,45657,49004,66774,57412,57412,53619,48980,46511,48127,45657,38557,31925,32648,22732,16670,16293,121583,868576000,0.956980813,16574
Leeds Teaching Hospitals NHS Trust,16,12,8,769294,44334,46926,45657,49004,66774,57412,57412,53619,48980,46511,48127,45657,38557,31925,32648,22732,16670,16293,121583,868576000,0.944351163,16676
Leeds Teaching Hospitals NHS Trust,14,10,7,769294,44334,46926,45657,49004,66774,57412,57412,53619,48980,46511,48127,45657,38557,31925,32648,22732,16670,16293,121583,868576000,0.930838033,17553
Leeds Teaching Hospitals NHS Trust,12,9,6,769294,44334,46926,45657,49004,66774,57412,57412,53619,48980,46511,48127,45657,38557,31925,32648,22732,16670,16293,121583,868576000,0.914277604,17615
Leeds Teaching Hospitals NHS Trust,10,8,6,769294,44334,46926,45657,49004,66774,57412,57412,53619,48980,46511,48127,45657,38557,31925,32648,22732,16670,16293,121583,868576000,0.89812815,16668
Leeds Teaching Hospitals NHS Trust,7,5,3,777117,44785,47404,46121,49502,67453,57996,57996,54165,49479,46984,48616,46121,38949,32250,32980,22963,16840,16459,122021,959603000,0.866296874,17307
Leeds Teaching Hospitals NHS Trust,7,4,2,777117,44785,47404,46121,49502,67453,57996,57996,54165,49479,46984,48616,46121,38949,32250,32980,22963,16840,16459,122021,959603000,0.887621288,17005
Leeds Teaching Hospitals NHS Trust,9,4,2,777117,44785,47404,46121,49502,67453,57996,57996,54165,49479,46984,48616,46121,38949,32250,32980,22963,16840,16459,122021,959603000,0.85740978,18732
Leeds Teaching Hospitals NHS Trust,10,6,3,777117,44785,47404,46121,49502,67453,57996,57996,54165,49479,46984,48616,46121,38949,32250,32980,22963,16840,16459,122021,959603000,0.891393939,16500
Leeds Teaching Hospitals NHS Trust,15,11,6,777117,44785,47404,46121,49502,67453,57996,57996,54165,49479,46984,48616,46121,38949,32250,32980,22963,16840,16459,122021,959603000,0.891909076,18873
Leeds Teaching Hospitals NHS Trust,17,14,9,777117,44785,47404,46121,49502,67453,57996,57996,54165,49479,46984,48616,46121,38949,32250,32980,22963,16840,16459,122021,959603000,0.857110288,17545
Leeds Teaching Hospitals NHS Trust,19,15,11,777117,44785,47404,46121,49502,67453,57996,57996,54165,49479,46984,48616,46121,38949,32250,32980,22963,16840,16459,122021,959603000,0.851895863,18514
Leeds Teaching Hospitals NHS Trust,19,16,12,777117,44785,47404,46121,49502,67453,57996,57996,54165,49479,46984,48616,46121,38949,32250,32980,22963,16840,16459,122021,959603000,0.905033518,17006
Leeds Teaching Hospitals NHS Trust,19,15,11,777117,44785,47404,46121,49502,67453,57996,57996,54165,49479,46984,48616,46121,38949,32250,32980,22963,16840,16459,122021,959603000,0.886693165,17863
Leeds Teaching Hospitals NHS Trust,13,10,7,777117,44785,47404,46121,49502,67453,57996,57996,54165,49479,46984,48616,46121,38949,32250,32980,22963,16840,16459,122021,959603000,0.839616613,18780
Leeds Teaching Hospitals NHS Trust,8,5,3,777117,44785,47404,46121,49502,67453,57996,57996,54165,49479,46984,48616,46121,38949,32250,32980,22963,16840,16459,122021,959603000,0.791517257,17848
Leeds Teaching Hospitals NHS Trust,8,6,4,777117,44785,47404,46121,49502,67453,57996,57996,54165,49479,46984,48616,46121,38949,32250,32980,22963,16840,16459,122021,959603000,0.759331194,17763
Leeds Teaching Hospitals NHS Trust,6,4,1,782935,45120,47759,46467,49872,67958,58430,58430,54570,49849,47336,48980,46467,39240,32491,33227,23135,16966,16582,122347,1050630000,0.797996084,17366
Leeds Teaching Hospitals NHS Trust,8,5,3,782935,45120,47759,46467,49872,67958,58430,58430,54570,49849,47336,48980,46467,39240,32491,33227,23135,16966,16582,122347,1050630000,0.822881462,15978
Leeds Teaching Hospitals NHS Trust,11,7,4,782935,45120,47759,46467,49872,67958,58430,58430,54570,49849,47336,48980,46467,39240,32491,33227,23135,16966,16582,122347,1050630000,0.898413398,18152
Leeds Teaching Hospitals NHS Trust,12,8,4,782935,45120,47759,46467,49872,67958,58430,58430,54570,49849,47336,48980,46467,39240,32491,33227,23135,16966,16582,122347,1050630000,0.906344061,17276
Leeds Teaching Hospitals NHS Trust,16,12,7,782935,45120,47759,46467,49872,67958,58430,58430,54570,49849,47336,48980,46467,39240,32491,33227,23135,16966,16582,122347,1050630000,0.867133621,18560
Leeds Teaching Hospitals NHS Trust,18,15,11,782935,45120,47759,46467,49872,67958,58430,58430,54570,49849,47336,48980,46467,39240,32491,33227,23135,16966,16582,122347,1050630000,0.903353293,16700
Leeds Teaching Hospitals NHS Trust,19,15,11,782935,45120,47759,46467,49872,67958,58430,58430,54570,49849,47336,48980,46467,39240,32491,33227,23135,16966,16582,122347,1050630000,0.854768455,17448
Leeds Teaching Hospitals NHS Trust,19,15,12,782935,45120,47759,46467,49872,67958,58430,58430,54570,49849,47336,48980,46467,39240,32491,33227,23135,16966,16582,122347,1050630000,0.858810785,16616
Leeds Teaching Hospitals NHS Trust,16,13,10,782935,45120,47759,46467,49872,67958,58430,58430,54570,49849,47336,48980,46467,39240,32491,33227,23135,16966,16582,122347,1050630000,0.845563945,16952
Leeds Teaching Hospitals NHS Trust,15,12,10,782935,45120,47759,46467,49872,67958,58430,58430,54570,49849,47336,48980,46467,39240,32491,33227,23135,16966,16582,122347,1050630000,0.833389093,17934
Leeds Teaching Hospitals NHS Trust,9,7,5,782935,45120,47759,46467,49872,67958,58430,58430,54570,49849,47336,48980,46467,39240,32491,33227,23135,16966,16582,122347,1050630000,0.782785197,16997
Leeds Teaching Hospitals NHS Trust,7,5,3,782935,45120,47759,46467,49872,67958,58430,58430,54570,49849,47336,48980,46467,39240,32491,33227,23135,16966,16582,122347,1050630000,0.699647908,16757
Leeds Teaching Hospitals NHS Trust,7,5,3,788325,45431,48087,46787,50216,68426,58832,58832,54946,50192,47662,49317,46787,39510,32715,33456,23295,17083,16696,122649,1232685000,0.663432836,16080
Leeds Teaching Hospitals NHS Trust,5,3,0,788325,45431,48087,46787,50216,68426,58832,58832,54946,50192,47662,49317,46787,39510,32715,33456,23295,17083,16696,122649,1232685000,0.656218538,14899
Leeds Teaching Hospitals NHS Trust,7,4,1,788325,45431,48087,46787,50216,68426,58832,58832,54946,50192,47662,49317,46787,39510,32715,33456,23295,17083,16696,122649,1232685000,0.647539506,16643
Leeds Teaching Hospitals NHS Trust,12,9,6,788325,45431,48087,46787,50216,68426,58832,58832,54946,50192,47662,49317,46787,39510,32715,33456,23295,17083,16696,122649,1232685000,0.812328696,16021
Leeds Teaching Hospitals NHS Trust,18,13,8,788325,45431,48087,46787,50216,68426,58832,58832,54946,50192,47662,49317,46787,39510,32715,33456,23295,17083,16696,122649,1232685000,0.902056402,17750
Leeds Teaching Hospitals NHS Trust,20,15,11,788325,45431,48087,46787,50216,68426,58832,58832,54946,50192,47662,49317,46787,39510,32715,33456,23295,17083,16696,122649,1232685000,0.900428266,16795
Leeds Teaching Hospitals NHS Trust,23,18,13,788325,45431,48087,46787,50216,68426,58832,58832,54946,50192,47662,49317,46787,39510,32715,33456,23295,17083,16696,122649,1232685000,0.83884392,17889
Leeds Teaching Hospitals NHS Trust,20,16,13,788325,45431,48087,46787,50216,68426,58832,58832,54946,50192,47662,49317,46787,39510,32715,33456,23295,17083,16696,122649,1232685000,0.875360379,16021
Leeds Teaching Hospitals NHS Trust,17,13,10,788325,45431,48087,46787,50216,68426,58832,58832,54946,50192,47662,49317,46787,39510,32715,33456,23295,17083,16696,122649,1232685000,0.856258052,16525
Leeds Teaching Hospitals NHS Trust,14,10,7,788325,45431,48087,46787,50216,68426,58832,58832,54946,50192,47662,49317,46787,39510,32715,33456,23295,17083,16696,122649,1232685000,0.828560923,17884
Leeds Teaching Hospitals NHS Trust,10,8,6,788325,45431,48087,46787,50216,68426,58832,58832,54946,50192,47662,49317,46787,39510,32715,33456,23295,17083,16696,122649,1232685000,0.834872194,17084
Leeds Teaching Hospitals NHS Trust,8,6,4,788325,45431,48087,46787,50216,68426,58832,58832,54946,50192,47662,49317,46787,39510,32715,33456,23295,17083,16696,122649,1232685000,0.796602702,16862
Leeds Teaching Hospitals NHS Trust,6,4,2,792525,45673,48344,47036,50483,68791,59146,59146,55238,50460,47916,49580,47036,39721,32889,33634,23419,17174,16785,122884,1414740000,0.795371382,17316
Leeds Teaching Hospitals NHS Trust,10,7,4,792525,45673,48344,47036,50483,68791,59146,59146,55238,50460,47916,49580,47036,39721,32889,33634,23419,17174,16785,122884,1414740000,0.820411351,15726
Leeds Teaching Hospitals NHS Trust,11,7,5,792525,45673,48344,47036,50483,68791,59146,59146,55238,50460,47916,49580,47036,39721,32889,33634,23419,17174,16785,122884,1414740000,0.893933703,17435
Leeds Teaching Hospitals NHS Trust,13,8,4,792525,45673,48344,47036,50483,68791,59146,59146,55238,50460,47916,49580,47036,39721,32889,33634,23419,17174,16785,122884,1414740000,0.858705162,16685
Leeds Teaching Hospitals NHS Trust,15,11,7,792525,45673,48344,47036,50483,68791,59146,59146,55238,50460,47916,49580,47036,39721,32889,33634,23419,17174,16785,122884,1414740000,0.870813027,17544
Leeds Teaching Hospitals NHS Trust,17,13,10,792525,45673,48344,47036,50483,68791,59146,59146,55238,50460,47916,49580,47036,39721,32889,33634,23419,17174,16785,122884,1414740000,0.882255457,16958
Leeds Teaching Hospitals NHS Trust,21,17,13,792525,45673,48344,47036,50483,68791,59146,59146,55238,50460,47916,49580,47036,39721,32889,33634,23419,17174,16785,122884,1414740000,0.879615428,18320
Leeds Teaching Hospitals NHS Trust,20,17,13,792525,45673,48344,47036,50483,68791,59146,59146,55238,50460,47916,49580,47036,39721,32889,33634,23419,17174,16785,122884,1414740000,0.882143435,16875
Leeds Teaching Hospitals NHS Trust,17,14,10,792525,45673,48344,47036,50483,68791,59146,59146,55238,50460,47916,49580,47036,39721,32889,33634,23419,17174,16785,122884,1414740000,0.860219627,17479
Leeds Teaching Hospitals NHS Trust,12,9,7,792525,45673,48344,47036,50483,68791,59146,59146,55238,50460,47916,49580,47036,39721,32889,33634,23419,17174,16785,122884,1414740000,0.837899871,18416
Leeds Teaching Hospitals NHS Trust,8,6,4,792525,45673,48344,47036,50483,68791,59146,59146,55238,50460,47916,49580,47036,39721,32889,33634,23419,17174,16785,122884,1414740000,0.811248387,17943
Leeds Teaching Hospitals NHS Trust,7,5,4,792525,45673,48344,47036,50483,68791,59146,59146,55238,50460,47916,49580,47036,39721,32889,33634,23419,17174,16785,122884,1414740000,0.793054412,17347
Leeds Teaching Hospitals NHS Trust,8,6,4,802262,46234,48937,47614,51104,69636,59872,59872,55917,51080,48504,50189,47614,40209,33293,34047,23706,17385,16991,123429,1596795000,0.843299373,16665
Leeds Teaching Hospitals NHS Trust,8,6,3,802262,46234,48937,47614,51104,69636,59872,59872,55917,51080,48504,50189,47614,40209,33293,34047,23706,17385,16991,123429,1596795000,0.829989011,16107
Leeds Teaching Hospitals NHS Trust,9,6,3,802262,46234,48937,47614,51104,69636,59872,59872,55917,51080,48504,50189,47614,40209,33293,34047,23706,17385,16991,123429,1596795000,0.851425172,12763
Leeds Teaching Hospitals NHS Trust,14,10,6,802262,46234,48937,47614,51104,69636,59872,59872,55917,51080,48504,50189,47614,40209,33293,34047,23706,17385,16991,123429,1596795000,0.910892037,8554
Leeds Teaching Hospitals NHS Trust,17,13,8,802262,46234,48937,47614,51104,69636,59872,59872,55917,51080,48504,50189,47614,40209,33293,34047,23706,17385,16991,123429,1596795000,0.964082907,11492
Leeds Teaching Hospitals NHS Trust,18,15,11,802262,46234,48937,47614,51104,69636,59872,59872,55917,51080,48504,50189,47614,40209,33293,34047,23706,17385,16991,123429,1596795000,0.931101407,13025
Leeds Teaching Hospitals NHS Trust,19,15,12,802262,46234,48937,47614,51104,69636,59872,59872,55917,51080,48504,50189,47614,40209,33293,34047,23706,17385,16991,123429,1596795000,0.896716791,14662
Leeds Teaching Hospitals NHS Trust,21,17,14,802262,46234,48937,47614,51104,69636,59872,59872,55917,51080,48504,50189,47614,40209,33293,34047,23706,17385,16991,123429,1596795000,0.865239775,15726
Leeds Teaching Hospitals NHS Trust,18,14,11,802262,46234,48937,47614,51104,69636,59872,59872,55917,51080,48504,50189,47614,40209,33293,34047,23706,17385,16991,123429,1596795000,0.828037837,15509
Leeds Teaching Hospitals NHS Trust,13,10,8,802262,46234,48937,47614,51104,69636,59872,59872,55917,51080,48504,50189,47614,40209,33293,34047,23706,17385,16991,123429,1596795000,0.771144773,15395
Leeds Teaching Hospitals NHS Trust,11,9,6,802262,46234,48937,47614,51104,69636,59872,59872,55917,51080,48504,50189,47614,40209,33293,34047,23706,17385,16991,123429,1596795000,0.774678591,14112
Leeds Teaching Hospitals NHS Trust,7,5,3,802262,46234,48937,47614,51104,69636,59872,59872,55917,51080,48504,50189,47614,40209,33293,34047,23706,17385,16991,123429,1596795000,0.789845722,14202
Leeds Teaching Hospitals NHS Trust,5,3,1,812000,46795,49532,48192,51724,70481,60599,60599,56596,51700,49093,50798,48192,40697,33698,34461,23994,17596,17198,123975,1720391000,0.758793385,13956
Leeds Teaching Hospitals NHS Trust,7,4,2,812000,46795,49532,48192,51724,70481,60599,60599,56596,51700,49093,50798,48192,40697,33698,34461,23994,17596,17198,123975,1720391000,0.741552731,13366
Leeds Teaching Hospitals NHS Trust,10,7,5,812000,46795,49532,48192,51724,70481,60599,60599,56596,51700,49093,50798,48192,40697,33698,34461,23994,17596,17198,123975,1720391000,0.782363202,17307
Leeds Teaching Hospitals NHS Trust,10,6,2,812000,46795,49532,48192,51724,70481,60599,60599,56596,51700,49093,50798,48192,40697,33698,34461,23994,17596,17198,123975,1720391000,0.815595611,17810
Leeds Teaching Hospitals NHS Trust,13,9,6,812000,46795,49532,48192,51724,70481,60599,60599,56596,51700,49093,50798,48192,40697,33698,34461,23994,17596,17198,123975,1720391000,0.78911322,19335
Leeds Teaching Hospitals NHS Trust,19,15,11,812000,46795,49532,48192,51724,70481,60599,60599,56596,51700,49093,50798,48192,40697,33698,34461,23994,17596,17198,123975,1720391000,0.755230338,19563
Leeds Teaching Hospitals NHS Trust,21,17,13,812000,46795,49532,48192,51724,70481,60599,60599,56596,51700,49093,50798,48192,40697,33698,34461,23994,17596,17198,123975,1720391000,0.705880393,19812
Leeds Teaching Hospitals NHS Trust,20,16,13,812000,46795,49532,48192,51724,70481,60599,60599,56596,51700,49093,50798,48192,40697,33698,34461,23994,17596,17198,123975,1720391000,0.68654764,18568
Leeds Teaching Hospitals NHS Trust,20,16,12,812000,46795,49532,48192,51724,70481,60599,60599,56596,51700,49093,50798,48192,40697,33698,34461,23994,17596,17198,123975,1720391000,0.706624388,18052
Leeds Teaching Hospitals NHS Trust,15,12,10,812000,46795,49532,48192,51724,70481,60599,60599,56596,51700,49093,50798,48192,40697,33698,34461,23994,17596,17198,123975,1720391000,0.679411082,19110
Leeds Teaching Hospitals NHS Trust,10,8,6,812000,46795,49532,48192,51724,70481,60599,60599,56596,51700,49093,50798,48192,40697,33698,34461,23994,17596,17198,123975,1720391000,0.686806923,18134
Leeds Teaching Hospitals NHS Trust,8,6,4,812000,46795,49532,48192,51724,70481,60599,60599,56596,51700,49093,50798,48192,40697,33698,34461,23994,17596,17198,123975,1720391000,0.684048482,16450
Leeds Teaching Hospitals NHS Trust,8,5,3,826495,47630,50416,49052,52647,71739,61681,61681,57606,52622,49969,51705,49052,41423,34299,35076,24422,17910,17505,124786,1843988000,0.694644155,15724
Leeds Teaching Hospitals NHS Trust,9,6,4,826495,47630,50416,49052,52647,71739,61681,61681,57606,52622,49969,51705,49052,41423,34299,35076,24422,17910,17505,124786,1843988000,0.721577442,15798
Leeds Teaching Hospitals NHS Trust,11,7,4,826495,47630,50416,49052,52647,71739,61681,61681,57606,52622,49969,51705,49052,41423,34299,35076,24422,17910,17505,124786,1843988000,0.688158421,19157
Leeds Teaching Hospitals NHS Trust,13,9,5,826495,47630,50416,49052,52647,71739,61681,61681,57606,52622,49969,51705,49052,41423,34299,35076,24422,17910,17505,124786,1843988000,0.686687307,17412
Leeds Teaching Hospitals NHS Trust,16,12,9,826495,47630,50416,49052,52647,71739,61681,61681,57606,52622,49969,51705,49052,41423,34299,35076,24422,17910,17505,124786,1843988000,0.677598352,18918
Leeds Teaching Hospitals NHS Trust,20,15,10,826495,47630,50416,49052,52647,71739,61681,61681,57606,52622,49969,51705,49052,41423,34299,35076,24422,17910,17505,124786,1843988000,0.663056684,18347
Leeds Teaching Hospitals NHS Trust,23,18,14,826495,47630,50416,49052,52647,71739,61681,61681,57606,52622,49969,51705,49052,41423,34299,35076,24422,17910,17505,124786,1843988000,0.675836199,18333
Leeds Teaching Hospitals NHS Trust,23,18,14,826495,47630,50416,49052,52647,71739,61681,61681,57606,52622,49969,51705,49052,41423,34299,35076,24422,17910,17505,124786,1843988000,0.681604302,17134
Leeds Teaching Hospitals NHS Trust,18,14,11,826495,47630,50416,49052,52647,71739,61681,61681,57606,52622,49969,51705,49052,41423,34299,35076,24422,17910,17505,124786,1843988000,0.693046729,16812
Leeds Teaching Hospitals NHS Trust,16,13,10,826495,47630,50416,49052,52647,71739,61681,61681,57606,52622,49969,51705,49052,41423,34299,35076,24422,17910,17505,124786,1843988000,0.696973865,17879
Leeds Teaching Hospitals NHS Trust,11,9,7,826495,47630,50416,49052,52647,71739,61681,61681,57606,52622,49969,51705,49052,41423,34299,35076,24422,17910,17505,124786,1843988000,0.688498934,18145
Leeds Teaching Hospitals NHS Trust,6,4,2,826495,47630,50416,49052,52647,71739,61681,61681,57606,52622,49969,51705,49052,41423,34299,35076,24422,17910,17505,124786,1843988000,0.656098125,17954
Leeds Teaching Hospitals NHS Trust,8,5,3,840990,48466,51300,49912,53571,72997,62763,62763,58617,53545,50846,52612,49912,42150,34901,35691,24851,18224,17812,125598,1967585000,0.741632946,15805
Leeds Teaching Hospitals NHS Trust,10,7,4,840990,48466,51300,49912,53571,72997,62763,62763,58617,53545,50846,52612,49912,42150,34901,35691,24851,18224,17812,125598,1967585000,0.722262985,15539
Leeds Teaching Hospitals NHS Trust,9,6,3,840990,48466,51300,49912,53571,72997,62763,62763,58617,53545,50846,52612,49912,42150,34901,35691,24851,18224,17812,125598,1967585000,0.735606426,17467
Leeds Teaching Hospitals NHS Trust,12,8,5,840990,48466,51300,49912,53571,72997,62763,62763,58617,53545,50846,52612,49912,42150,34901,35691,24851,18224,17812,125598,1967585000,0.764968249,15726
Leeds Teaching Hospitals NHS Trust,17,12,8,840990,48466,51300,49912,53571,72997,62763,62763,58617,53545,50846,52612,49912,42150,34901,35691,24851,18224,17812,125598,1967585000,0.744040151,17671
Leeds Teaching Hospitals NHS Trust,22,16,11,840990,48466,51300,49912,53571,72997,62763,62763,58617,53545,50846,52612,49912,42150,34901,35691,24851,18224,17812,125598,1967585000,0.755715706,17008
Leeds Teaching Hospitals NHS Trust,19,16,12,840990,48466,51300,49912,53571,72997,62763,62763,58617,53545,50846,52612,49912,42150,34901,35691,24851,18224,17812,125598,1967585000,0.743595264,16878
Leeds Teaching Hospitals NHS Trust,20,16,13,840990,48466,51300,49912,53571,72997,62763,62763,58617,53545,50846,52612,49912,42150,34901,35691,24851,18224,17812,125598,1967585000,0.750151103,16192
Leeds Teaching Hospitals NHS Trust,20,16,13,840990,48466,51300,49912,53571,72997,62763,62763,58617,53545,50846,52612,49912,42150,34901,35691,24851,18224,17812,125598,1967585000,0.72225574,17009
Leeds Teaching Hospitals NHS Trust,14,12,9,840990,48466,51300,49912,53571,72997,62763,62763,58617,53545,50846,52612,49912,42150,34901,35691,24851,18224,17812,125598,1967585000,0.704951339,18280
Leeds Teaching Hospitals NHS Trust,9,7,6,840990,48466,51300,49912,53571,72997,62763,62763,58617,53545,50846,52612,49912,42150,34901,35691,24851,18224,17812,125598,1967585000,0.727835052,17164
Leeds Teaching Hospitals NHS Trust,8,7,5,840990,48466,51300,49912,53571,72997,62763,62763,58617,53545,50846,52612,49912,42150,34901,35691,24851,18224,17812,125598,1967585000,0.713922906,17304
East Cheshire NHS Trust,7,4,2,368539,18397,20431,21154,18205,16252,20063,22444,22628,22093,24552,28012,28193,23660,20616,22554,16621,11535,11093,20638,116002000,0.966,3256
East Cheshire NHS Trust,1,-1,-3,368539,18397,20431,21154,18205,16252,20063,22444,22628,22093,24552,28012,28193,23660,20616,22554,16621,11535,11093,20638,116002000,0.918886199,3304
East Cheshire NHS Trust,6,3,0,369874,18464,20505,21230,18271,16311,20135,22525,22710,22173,24641,28114,28295,23745,20690,22636,16681,11577,11133,20712,116002000,0.962785114,3332
East Cheshire NHS Trust,8,6,3,369874,18464,20505,21230,18271,16311,20135,22525,22710,22173,24641,28114,28295,23745,20690,22636,16681,11577,11133,20712,116002000,0.988549618,3144
East Cheshire NHS Trust,11,6,2,369874,18464,20505,21230,18271,16311,20135,22525,22710,22173,24641,28114,28295,23745,20690,22636,16681,11577,11133,20712,116002000,0.982198953,3820
East Cheshire NHS Trust,16,11,6,369874,18464,20505,21230,18271,16311,20135,22525,22710,22173,24641,28114,28295,23745,20690,22636,16681,11577,11133,20712,116002000,0.953346856,3944
East Cheshire NHS Trust,15,11,7,369874,18464,20505,21230,18271,16311,20135,22525,22710,22173,24641,28114,28295,23745,20690,22636,16681,11577,11133,20712,116002000,0.962389381,3616
East Cheshire NHS Trust,17,13,8,369874,18464,20505,21230,18271,16311,20135,22525,22710,22173,24641,28114,28295,23745,20690,22636,16681,11577,11133,20712,116002000,0.970998926,3724
East Cheshire NHS Trust,19,14,10,369874,18464,20505,21230,18271,16311,20135,22525,22710,22173,24641,28114,28295,23745,20690,22636,16681,11577,11133,20712,116002000,0.973628692,3792
East Cheshire NHS Trust,18,15,11,369874,18464,20505,21230,18271,16311,20135,22525,22710,22173,24641,28114,28295,23745,20690,22636,16681,11577,11133,20712,116002000,0.975446429,3584
East Cheshire NHS Trust,18,14,10,369874,18464,20505,21230,18271,16311,20135,22525,22710,22173,24641,28114,28295,23745,20690,22636,16681,11577,11133,20712,116002000,0.945134576,3864
East Cheshire NHS Trust,15,12,9,369874,18464,20505,21230,18271,16311,20135,22525,22710,22173,24641,28114,28295,23745,20690,22636,16681,11577,11133,20712,116002000,0.879393285,3752
East Cheshire NHS Trust,12,9,6,369874,18464,20505,21230,18271,16311,20135,22525,22710,22173,24641,28114,28295,23745,20690,22636,16681,11577,11133,20712,116002000,0.958525346,3472
East Cheshire NHS Trust,8,5,3,369874,18464,20505,21230,18271,16311,20135,22525,22710,22173,24641,28114,28295,23745,20690,22636,16681,11577,11133,20712,116002000,0.985148515,3232
East Cheshire NHS Trust,7,4,2,371551,18547,20598,21327,18354,16385,20227,22627,22813,22274,24752,28241,28423,23853,20784,22738,16756,11629,11183,20806,176835000,0.888531618,3732
East Cheshire NHS Trust,7,4,1,371551,18547,20598,21327,18354,16385,20227,22627,22813,22274,24752,28241,28423,23853,20784,22738,16756,11629,11183,20806,176835000,0.881656805,4056
East Cheshire NHS Trust,13,8,3,371551,18547,20598,21327,18354,16385,20227,22627,22813,22274,24752,28241,28423,23853,20784,22738,16756,11629,11183,20806,176835000,0.879393285,4044
East Cheshire NHS Trust,10,6,2,371551,18547,20598,21327,18354,16385,20227,22627,22813,22274,24752,28241,28423,23853,20784,22738,16756,11629,11183,20806,176835000,0.962923729,3776
East Cheshire NHS Trust,15,11,6,371551,18547,20598,21327,18354,16385,20227,22627,22813,22274,24752,28241,28423,23853,20784,22738,16756,11629,11183,20806,176835000,0.998945148,3792
East Cheshire NHS Trust,16,13,9,371551,18547,20598,21327,18354,16385,20227,22627,22813,22274,24752,28241,28423,23853,20784,22738,16756,11629,11183,20806,176835000,0.948293692,3868
East Cheshire NHS Trust,18,14,10,371551,18547,20598,21327,18354,16385,20227,22627,22813,22274,24752,28241,28423,23853,20784,22738,16756,11629,11183,20806,176835000,0.966101695,4012
East Cheshire NHS Trust,19,15,11,371551,18547,20598,21327,18354,16385,20227,22627,22813,22274,24752,28241,28423,23853,20784,22738,16756,11629,11183,20806,176835000,0.96347032,3504
East Cheshire NHS Trust,16,12,8,371551,18547,20598,21327,18354,16385,20227,22627,22813,22274,24752,28241,28423,23853,20784,22738,16756,11629,11183,20806,176835000,0.9921875,3584
East Cheshire NHS Trust,12,9,5,371551,18547,20598,21327,18354,16385,20227,22627,22813,22274,24752,28241,28423,23853,20784,22738,16756,11629,11183,20806,176835000,0.961368653,3624
East Cheshire NHS Trust,9,6,3,371551,18547,20598,21327,18354,16385,20227,22627,22813,22274,24752,28241,28423,23853,20784,22738,16756,11629,11183,20806,176835000,0.983127109,3556
East Cheshire NHS Trust,6,4,2,371551,18547,20598,21327,18354,16385,20227,22627,22813,22274,24752,28241,28423,23853,20784,22738,16756,11629,11183,20806,176835000,0.967177243,3656
East Cheshire NHS Trust,5,3,0,372680,18604,20661,21391,18410,16435,20288,22696,22882,22342,24827,28327,28510,23926,20847,22808,16807,11664,11217,20870,185725000,0.947990544,3384
East Cheshire NHS Trust,6,2,-1,372680,18604,20661,21391,18410,16435,20288,22696,22882,22342,24827,28327,28510,23926,20847,22808,16807,11664,11217,20870,185725000,0.801857585,3876
East Cheshire NHS Trust,6,2,-2,372680,18604,20661,21391,18410,16435,20288,22696,22882,22342,24827,28327,28510,23926,20847,22808,16807,11664,11217,20870,185725000,0.887799564,3672
East Cheshire NHS Trust,11,6,2,372680,18604,20661,21391,18410,16435,20288,22696,22882,22342,24827,28327,28510,23926,20847,22808,16807,11664,11217,20870,185725000,0.983471074,3872
East Cheshire NHS Trust,14,10,5,372680,18604,20661,21391,18410,16435,20288,22696,22882,22342,24827,28327,28510,23926,20847,22808,16807,11664,11217,20870,185725000,0.965217391,3680
East Cheshire NHS Trust,18,13,8,372680,18604,20661,21391,18410,16435,20288,22696,22882,22342,24827,28327,28510,23926,20847,22808,16807,11664,11217,20870,185725000,0.974863388,3660
East Cheshire NHS Trust,24,18,12,372680,18604,20661,21391,18410,16435,20288,22696,22882,22342,24827,28327,28510,23926,20847,22808,16807,11664,11217,20870,185725000,0.946446962,3884
East Cheshire NHS Trust,21,16,11,372680,18604,20661,21391,18410,16435,20288,22696,22882,22342,24827,28327,28510,23926,20847,22808,16807,11664,11217,20870,185725000,0.947481243,3732
East Cheshire NHS Trust,17,13,9,372680,18604,20661,21391,18410,16435,20288,22696,22882,22342,24827,28327,28510,23926,20847,22808,16807,11664,11217,20870,185725000,0.924335378,3912
East Cheshire NHS Trust,15,11,8,372680,18604,20661,21391,18410,16435,20288,22696,22882,22342,24827,28327,28510,23926,20847,22808,16807,11664,11217,20870,185725000,0.931684335,3396
East Cheshire NHS Trust,9,6,3,372680,18604,20661,21391,18410,16435,20288,22696,22882,22342,24827,28327,28510,23926,20847,22808,16807,11664,11217,20870,185725000,0.917400881,3632
East Cheshire NHS Trust,8,5,3,372680,18604,20661,21391,18410,16435,20288,22696,22882,22342,24827,28327,28510,23926,20847,22808,16807,11664,11217,20870,185725000,0.983870968,3224
East Cheshire NHS Trust,7,4,2,373788,18659,20722,21455,18465,16484,20349,22763,22950,22408,24901,28411,28594,23997,20909,22875,16857,11699,11251,20932,180080000,0.957393484,3192
East Cheshire NHS Trust,8,5,2,373788,18659,20722,21455,18465,16484,20349,22763,22950,22408,24901,28411,28594,23997,20909,22875,16857,11699,11251,20932,180080000,0.979028698,3624
East Cheshire NHS Trust,12,7,3,373788,18659,20722,21455,18465,16484,20349,22763,22950,22408,24901,28411,28594,23997,20909,22875,16857,11699,11251,20932,180080000,0.950173812,3452
East Cheshire NHS Trust,14,10,5,373788,18659,20722,21455,18465,16484,20349,22763,22950,22408,24901,28411,28594,23997,20909,22875,16857,11699,11251,20932,180080000,0.975941423,3824
East Cheshire NHS Trust,16,12,7,373788,18659,20722,21455,18465,16484,20349,22763,22950,22408,24901,28411,28594,23997,20909,22875,16857,11699,11251,20932,180080000,0.952879581,3820
East Cheshire NHS Trust,19,15,10,373788,18659,20722,21455,18465,16484,20349,22763,22950,22408,24901,28411,28594,23997,20909,22875,16857,11699,11251,20932,180080000,0.912875121,4132
East Cheshire NHS Trust,22,17,11,373788,18659,20722,21455,18465,16484,20349,22763,22950,22408,24901,28411,28594,23997,20909,22875,16857,11699,11251,20932,180080000,0.942270059,4088
East Cheshire NHS Trust,19,14,10,373788,18659,20722,21455,18465,16484,20349,22763,22950,22408,24901,28411,28594,23997,20909,22875,16857,11699,11251,20932,180080000,0.930463576,3624
East Cheshire NHS Trust,19,14,10,373788,18659,20722,21455,18465,16484,20349,22763,22950,22408,24901,28411,28594,23997,20909,22875,16857,11699,11251,20932,180080000,0.965163934,3904
East Cheshire NHS Trust,15,11,8,373788,18659,20722,21455,18465,16484,20349,22763,22950,22408,24901,28411,28594,23997,20909,22875,16857,11699,11251,20932,180080000,0.958466454,3756
East Cheshire NHS Trust,10,8,5,373788,18659,20722,21455,18465,16484,20349,22763,22950,22408,24901,28411,28594,23997,20909,22875,16857,11699,11251,20932,180080000,0.963414634,3608
East Cheshire NHS Trust,7,5,3,373788,18659,20722,21455,18465,16484,20349,22763,22950,22408,24901,28411,28594,23997,20909,22875,16857,11699,11251,20932,180080000,0.891435464,3316
East Cheshire NHS Trust,7,4,1,375148,18727,20798,21533,18532,16544,20423,22846,23034,22490,24992,28514,28698,24084,20985,22959,16919,11742,11291,21008,183791000,0.868451688,3436
East Cheshire NHS Trust,7,3,1,375148,18727,20798,21533,18532,16544,20423,22846,23034,22490,24992,28514,28698,24084,20985,22959,16919,11742,11291,21008,183791000,0.881462799,3172
East Cheshire NHS Trust,10,6,2,375148,18727,20798,21533,18532,16544,20423,22846,23034,22490,24992,28514,28698,24084,20985,22959,16919,11742,11291,21008,183791000,0.745182013,3736
East Cheshire NHS Trust,18,13,8,375148,18727,20798,21533,18532,16544,20423,22846,23034,22490,24992,28514,28698,24084,20985,22959,16919,11742,11291,21008,183791000,0.90828252,3936
East Cheshire NHS Trust,19,15,10,375148,18727,20798,21533,18532,16544,20423,22846,23034,22490,24992,28514,28698,24084,20985,22959,16919,11742,11291,21008,183791000,0.937736325,3967
East Cheshire NHS Trust,20,15,11,375148,18727,20798,21533,18532,16544,20423,22846,23034,22490,24992,28514,28698,24084,20985,22959,16919,11742,11291,21008,183791000,0.941543258,3849
East Cheshire NHS Trust,16,12,8,375148,18727,20798,21533,18532,16544,20423,22846,23034,22490,24992,28514,28698,24084,20985,22959,16919,11742,11291,21008,183791000,0.968096234,3824
East Cheshire NHS Trust,14,10,7,375148,18727,20798,21533,18532,16544,20423,22846,23034,22490,24992,28514,28698,24084,20985,22959,16919,11742,11291,21008,183791000,0.92720403,3970
East Cheshire NHS Trust,12,9,6,375148,18727,20798,21533,18532,16544,20423,22846,23034,22490,24992,28514,28698,24084,20985,22959,16919,11742,11291,21008,183791000,0.905312993,3802
East Cheshire NHS Trust,11,9,6,375148,18727,20798,21533,18532,16544,20423,22846,23034,22490,24992,28514,28698,24084,20985,22959,16919,11742,11291,21008,183791000,0.861737149,3949
East Cheshire NHS Trust,8,5,3,376510,18795,20873,21611,18599,16604,20497,22929,23117,22571,25083,28618,28803,24171,21061,23042,16980,11784,11332,21084,172345000,0.898870637,3896
East Cheshire NHS Trust,8,4,2,376510,18795,20873,21611,18599,16604,20497,22929,23117,22571,25083,28618,28803,24171,21061,23042,16980,11784,11332,21084,172345000,0.875854813,3802
East Cheshire NHS Trust,9,5,1,376510,18795,20873,21611,18599,16604,20497,22929,23117,22571,25083,28618,28803,24171,21061,23042,16980,11784,11332,21084,172345000,0.777700831,4332
East Cheshire NHS Trust,11,7,3,376510,18795,20873,21611,18599,16604,20497,22929,23117,22571,25083,28618,28803,24171,21061,23042,16980,11784,11332,21084,172345000,0.830460509,3887
East Cheshire NHS Trust,16,11,6,376510,18795,20873,21611,18599,16604,20497,22929,23117,22571,25083,28618,28803,24171,21061,23042,16980,11784,11332,21084,172345000,0.820319849,4252
East Cheshire NHS Trust,18,14,10,376510,18795,20873,21611,18599,16604,20497,22929,23117,22571,25083,28618,28803,24171,21061,23042,16980,11784,11332,21084,172345000,0.870165746,3982
East Cheshire NHS Trust,19,15,11,376510,18795,20873,21611,18599,16604,20497,22929,23117,22571,25083,28618,28803,24171,21061,23042,16980,11784,11332,21084,172345000,0.777338297,4298
East Cheshire NHS Trust,20,16,12,376510,18795,20873,21611,18599,16604,20497,22929,23117,22571,25083,28618,28803,24171,21061,23042,16980,11784,11332,21084,172345000,0.81671159,4081
East Cheshire NHS Trust,19,15,11,376510,18795,20873,21611,18599,16604,20497,22929,23117,22571,25083,28618,28803,24171,21061,23042,16980,11784,11332,21084,172345000,0.835748792,4140
East Cheshire NHS Trust,14,10,7,376510,18795,20873,21611,18599,16604,20497,22929,23117,22571,25083,28618,28803,24171,21061,23042,16980,11784,11332,21084,172345000,0.809872461,4234
East Cheshire NHS Trust,8,5,2,376510,18795,20873,21611,18599,16604,20497,22929,23117,22571,25083,28618,28803,24171,21061,23042,16980,11784,11332,21084,172345000,0.808098592,3976
East Cheshire NHS Trust,8,6,3,376510,18795,20873,21611,18599,16604,20497,22929,23117,22571,25083,28618,28803,24171,21061,23042,16980,11784,11332,21084,172345000,0.787141825,4153
East Cheshire NHS Trust,7,4,2,378077,18873,20960,21701,18677,16673,20582,23024,23213,22665,25187,28737,28922,24272,21149,23138,17051,11833,11380,21172,165589000,0.698325484,3822
East Cheshire NHS Trust,8,6,3,378077,18873,20960,21701,18677,16673,20582,23024,23213,22665,25187,28737,28922,24272,21149,23138,17051,11833,11380,21172,165589000,0.774447031,3436
East Cheshire NHS Trust,11,8,4,378077,18873,20960,21701,18677,16673,20582,23024,23213,22665,25187,28737,28922,24272,21149,23138,17051,11833,11380,21172,165589000,0.823911956,3998
East Cheshire NHS Trust,12,8,4,378077,18873,20960,21701,18677,16673,20582,23024,23213,22665,25187,28737,28922,24272,21149,23138,17051,11833,11380,21172,165589000,0.762763526,3937
East Cheshire NHS Trust,17,12,7,378077,18873,20960,21701,18677,16673,20582,23024,23213,22665,25187,28737,28922,24272,21149,23138,17051,11833,11380,21172,165589000,0.854412459,4238
East Cheshire NHS Trust,18,15,11,378077,18873,20960,21701,18677,16673,20582,23024,23213,22665,25187,28737,28922,24272,21149,23138,17051,11833,11380,21172,165589000,0.875185002,4054
East Cheshire NHS Trust,20,16,12,378077,18873,20960,21701,18677,16673,20582,23024,23213,22665,25187,28737,28922,24272,21149,23138,17051,11833,11380,21172,165589000,0.908412957,4291
East Cheshire NHS Trust,19,15,12,378077,18873,20960,21701,18677,16673,20582,23024,23213,22665,25187,28737,28922,24272,21149,23138,17051,11833,11380,21172,165589000,0.847895644,4063
East Cheshire NHS Trust,16,13,10,378077,18873,20960,21701,18677,16673,20582,23024,23213,22665,25187,28737,28922,24272,21149,23138,17051,11833,11380,21172,165589000,0.834934713,4059
East Cheshire NHS Trust,15,12,9,378077,18873,20960,21701,18677,16673,20582,23024,23213,22665,25187,28737,28922,24272,21149,23138,17051,11833,11380,21172,165589000,0.893122454,4173
East Cheshire NHS Trust,10,7,5,378077,18873,20960,21701,18677,16673,20582,23024,23213,22665,25187,28737,28922,24272,21149,23138,17051,11833,11380,21172,165589000,0.815291262,4120
East Cheshire NHS Trust,7,5,3,378077,18873,20960,21701,18677,16673,20582,23024,23213,22665,25187,28737,28922,24272,21149,23138,17051,11833,11380,21172,165589000,0.714959887,4238
East Cheshire NHS Trust,7,5,2,379276,18933,21027,21770,18736,16726,20647,23097,23287,22737,25267,28828,29014,24349,21216,23211,17105,11871,11416,21239,152526000,0.711105291,3818
East Cheshire NHS Trust,6,3,0,379276,18933,21027,21770,18736,16726,20647,23097,23287,22737,25267,28828,29014,24349,21216,23211,17105,11871,11416,21239,152526000,0.691735537,3630
East Cheshire NHS Trust,8,4,1,379276,18933,21027,21770,18736,16726,20647,23097,23287,22737,25267,28828,29014,24349,21216,23211,17105,11871,11416,21239,152526000,0.711729622,4024
East Cheshire NHS Trust,12,9,6,379276,18933,21027,21770,18736,16726,20647,23097,23287,22737,25267,28828,29014,24349,21216,23211,17105,11871,11416,21239,152526000,0.86696562,3820
East Cheshire NHS Trust,18,13,8,379276,18933,21027,21770,18736,16726,20647,23097,23287,22737,25267,28828,29014,24349,21216,23211,17105,11871,11416,21239,152526000,0.871335869,4249
East Cheshire NHS Trust,21,16,11,379276,18933,21027,21770,18736,16726,20647,23097,23287,22737,25267,28828,29014,24349,21216,23211,17105,11871,11416,21239,152526000,0.957733176,3983
East Cheshire NHS Trust,23,18,13,379276,18933,21027,21770,18736,16726,20647,23097,23287,22737,25267,28828,29014,24349,21216,23211,17105,11871,11416,21239,152526000,0.879333333,4254
East Cheshire NHS Trust,20,16,12,379276,18933,21027,21770,18736,16726,20647,23097,23287,22737,25267,28828,29014,24349,21216,23211,17105,11871,11416,21239,152526000,0.810996564,3851
East Cheshire NHS Trust,17,13,10,379276,18933,21027,21770,18736,16726,20647,23097,23287,22737,25267,28828,29014,24349,21216,23211,17105,11871,11416,21239,152526000,0.817120623,3924
East Cheshire NHS Trust,14,10,7,379276,18933,21027,21770,18736,16726,20647,23097,23287,22737,25267,28828,29014,24349,21216,23211,17105,11871,11416,21239,152526000,0.769230769,4080
East Cheshire NHS Trust,10,8,5,379276,18933,21027,21770,18736,16726,20647,23097,23287,22737,25267,28828,29014,24349,21216,23211,17105,11871,11416,21239,152526000,0.846330275,3787
East Cheshire NHS Trust,9,7,5,379276,18933,21027,21770,18736,16726,20647,23097,23287,22737,25267,28828,29014,24349,21216,23211,17105,11871,11416,21239,152526000,0.744794312,3838
East Cheshire NHS Trust,6,4,1,380694,19004,21105,21851,18806,16788,20724,23184,23374,22822,25361,28936,29123,24440,21296,23298,17169,11915,11458,21318,160269000,0.765725607,3884
East Cheshire NHS Trust,10,7,4,380694,19004,21105,21851,18806,16788,20724,23184,23374,22822,25361,28936,29123,24440,21296,23298,17169,11915,11458,21318,160269000,0.773887865,3679
East Cheshire NHS Trust,11,7,4,380694,19004,21105,21851,18806,16788,20724,23184,23374,22822,25361,28936,29123,24440,21296,23298,17169,11915,11458,21318,160269000,0.782888465,4099
East Cheshire NHS Trust,13,9,4,380694,19004,21105,21851,18806,16788,20724,23184,23374,22822,25361,28936,29123,24440,21296,23298,17169,11915,11458,21318,160269000,0.712938958,4102
East Cheshire NHS Trust,15,11,7,380694,19004,21105,21851,18806,16788,20724,23184,23374,22822,25361,28936,29123,24440,21296,23298,17169,11915,11458,21318,160269000,0.725627686,4279
East Cheshire NHS Trust,17,14,10,380694,19004,21105,21851,18806,16788,20724,23184,23374,22822,25361,28936,29123,24440,21296,23298,17169,11915,11458,21318,160269000,0.800330422,4065
East Cheshire NHS Trust,20,17,13,380694,19004,21105,21851,18806,16788,20724,23184,23374,22822,25361,28936,29123,24440,21296,23298,17169,11915,11458,21318,160269000,0.751099384,4329
East Cheshire NHS Trust,20,16,13,380694,19004,21105,21851,18806,16788,20724,23184,23374,22822,25361,28936,29123,24440,21296,23298,17169,11915,11458,21318,160269000,0.808259587,4259
East Cheshire NHS Trust,17,14,10,380694,19004,21105,21851,18806,16788,20724,23184,23374,22822,25361,28936,29123,24440,21296,23298,17169,11915,11458,21318,160269000,0.800360523,4236
East Cheshire NHS Trust,12,9,7,380694,19004,21105,21851,18806,16788,20724,23184,23374,22822,25361,28936,29123,24440,21296,23298,17169,11915,11458,21318,160269000,0.793220339,4206
East Cheshire NHS Trust,8,6,4,380694,19004,21105,21851,18806,16788,20724,23184,23374,22822,25361,28936,29123,24440,21296,23298,17169,11915,11458,21318,160269000,0.751391915,4032
East Cheshire NHS Trust,8,6,4,380694,19004,21105,21851,18806,16788,20724,23184,23374,22822,25361,28936,29123,24440,21296,23298,17169,11915,11458,21318,160269000,0.703893682,4242
East Cheshire NHS Trust,8,6,3,384655,19201,21325,22079,19001,16963,20940,23425,23617,23060,25625,29237,29426,24694,21517,23540,17347,12039,11578,21540,176706000,0.693275278,4134
East Cheshire NHS Trust,8,5,2,384655,19201,21325,22079,19001,16963,20940,23425,23617,23060,25625,29237,29426,24694,21517,23540,17347,12039,11578,21540,176706000,0.737319808,3746
East Cheshire NHS Trust,9,6,2,384655,19201,21325,22079,19001,16963,20940,23425,23617,23060,25625,29237,29426,24694,21517,23540,17347,12039,11578,21540,176706000,0.79857513,3088
East Cheshire NHS Trust,14,9,5,384655,19201,21325,22079,19001,16963,20940,23425,23617,23060,25625,29237,29426,24694,21517,23540,17347,12039,11578,21540,176706000,0.902309059,2252
East Cheshire NHS Trust,16,12,7,384655,19201,21325,22079,19001,16963,20940,23425,23617,23060,25625,29237,29426,24694,21517,23540,17347,12039,11578,21540,176706000,0.897965671,3146
East Cheshire NHS Trust,18,15,10,384655,19201,21325,22079,19001,16963,20940,23425,23617,23060,25625,29237,29426,24694,21517,23540,17347,12039,11578,21540,176706000,0.895191122,3244
East Cheshire NHS Trust,18,15,11,384655,19201,21325,22079,19001,16963,20940,23425,23617,23060,25625,29237,29426,24694,21517,23540,17347,12039,11578,21540,176706000,0.900304625,3611
East Cheshire NHS Trust,20,17,13,384655,19201,21325,22079,19001,16963,20940,23425,23617,23060,25625,29237,29426,24694,21517,23540,17347,12039,11578,21540,176706000,0.915231432,3716
East Cheshire NHS Trust,17,13,9,384655,19201,21325,22079,19001,16963,20940,23425,23617,23060,25625,29237,29426,24694,21517,23540,17347,12039,11578,21540,176706000,0.81092662,3734
East Cheshire NHS Trust,12,10,7,384655,19201,21325,22079,19001,16963,20940,23425,23617,23060,25625,29237,29426,24694,21517,23540,17347,12039,11578,21540,176706000,0.833045481,3474
East Cheshire NHS Trust,11,8,6,384655,19201,21325,22079,19001,16963,20940,23425,23617,23060,25625,29237,29426,24694,21517,23540,17347,12039,11578,21540,176706000,0.773740458,3275
East Cheshire NHS Trust,7,5,3,384655,19201,21325,22079,19001,16963,20940,23425,23617,23060,25625,29237,29426,24694,21517,23540,17347,12039,11578,21540,176706000,0.709498834,3432
East Cheshire NHS Trust,5,3,0,388616,19399,21544,22306,19197,17137,21156,23666,23861,23297,25889,29538,29729,24949,21739,23783,17526,12163,11697,21762,193589000,0.713450292,2907
East Cheshire NHS Trust,7,4,2,388616,19399,21544,22306,19197,17137,21156,23666,23861,23297,25889,29538,29729,24949,21739,23783,17526,12163,11697,21762,193589000,0.712746858,2785
East Cheshire NHS Trust,10,7,3,388616,19399,21544,22306,19197,17137,21156,23666,23861,23297,25889,29538,29729,24949,21739,23783,17526,12163,11697,21762,193589000,0.789403265,3698
East Cheshire NHS Trust,11,6,1,388616,19399,21544,22306,19197,17137,21156,23666,23861,23297,25889,29538,29729,24949,21739,23783,17526,12163,11697,21762,193589000,0.679012346,4009
East Cheshire NHS Trust,13,9,5,388616,19399,21544,22306,19197,17137,21156,23666,23861,23297,25889,29538,29729,24949,21739,23783,17526,12163,11697,21762,193589000,0.693919853,4286
East Cheshire NHS Trust,19,15,10,388616,19399,21544,22306,19197,17137,21156,23666,23861,23297,25889,29538,29729,24949,21739,23783,17526,12163,11697,21762,193589000,0.670431894,4480
East Cheshire NHS Trust,21,17,13,388616,19399,21544,22306,19197,17137,21156,23666,23861,23297,25889,29538,29729,24949,21739,23783,17526,12163,11697,21762,193589000,0.603025783,4656
East Cheshire NHS Trust,20,16,12,388616,19399,21544,22306,19197,17137,21156,23666,23861,23297,25889,29538,29729,24949,21739,23783,17526,12163,11697,21762,193589000,0.592669914,4281
East Cheshire NHS Trust,20,15,11,388616,19399,21544,22306,19197,17137,21156,23666,23861,23297,25889,29538,29729,24949,21739,23783,17526,12163,11697,21762,193589000,0.566584325,4434
East Cheshire NHS Trust,15,12,9,388616,19399,21544,22306,19197,17137,21156,23666,23861,23297,25889,29538,29729,24949,21739,23783,17526,12163,11697,21762,193589000,0.628435158,4374
East Cheshire NHS Trust,10,7,5,388616,19399,21544,22306,19197,17137,21156,23666,23861,23297,25889,29538,29729,24949,21739,23783,17526,12163,11697,21762,193589000,0.617690783,4015
East Cheshire NHS Trust,8,6,4,388616,19399,21544,22306,19197,17137,21156,23666,23861,23297,25889,29538,29729,24949,21739,23783,17526,12163,11697,21762,193589000,0.613807423,3835
East Cheshire NHS Trust,8,5,2,392577,19597,21764,22533,19393,17312,21371,23907,24104,23534,26153,29839,30032,25203,21960,24025,17705,12287,11816,21984,199224000,0.640302793,3811
East Cheshire NHS Trust,9,6,3,392577,19597,21764,22533,19393,17312,21371,23907,24104,23534,26153,29839,30032,25203,21960,24025,17705,12287,11816,21984,199224000,0.579385737,3818
East Cheshire NHS Trust,11,7,3,392577,19597,21764,22533,19393,17312,21371,23907,24104,23534,26153,29839,30032,25203,21960,24025,17705,12287,11816,21984,199224000,0.552156363,4679
East Cheshire NHS Trust,13,8,4,392577,19597,21764,22533,19393,17312,21371,23907,24104,23534,26153,29839,30032,25203,21960,24025,17705,12287,11816,21984,199224000,0.558359621,4092
East Cheshire NHS Trust,16,12,8,392577,19597,21764,22533,19393,17312,21371,23907,24104,23534,26153,29839,30032,25203,21960,24025,17705,12287,11816,21984,199224000,0.548272018,4449
East Cheshire NHS Trust,19,14,10,392577,19597,21764,22533,19393,17312,21371,23907,24104,23534,26153,29839,30032,25203,21960,24025,17705,12287,11816,21984,199224000,0.570674621,4330
East Cheshire NHS Trust,22,17,13,392577,19597,21764,22533,19393,17312,21371,23907,24104,23534,26153,29839,30032,25203,21960,24025,17705,12287,11816,21984,199224000,0.542460229,4441
East Cheshire NHS Trust,24,18,13,392577,19597,21764,22533,19393,17312,21371,23907,24104,23534,26153,29839,30032,25203,21960,24025,17705,12287,11816,21984,199224000,0.563554288,4187
East Cheshire NHS Trust,18,14,10,392577,19597,21764,22533,19393,17312,21371,23907,24104,23534,26153,29839,30032,25203,21960,24025,17705,12287,11816,21984,199224000,0.498158605,4043
East Cheshire NHS Trust,16,12,9,392577,19597,21764,22533,19393,17312,21371,23907,24104,23534,26153,29839,30032,25203,21960,24025,17705,12287,11816,21984,199224000,0.495096921,4362
East Cheshire NHS Trust,11,9,6,392577,19597,21764,22533,19393,17312,21371,23907,24104,23534,26153,29839,30032,25203,21960,24025,17705,12287,11816,21984,199224000,0.5261916,4223
East Cheshire NHS Trust,6,4,2,392577,19597,21764,22533,19393,17312,21371,23907,24104,23534,26153,29839,30032,25203,21960,24025,17705,12287,11816,21984,199224000,0.469821674,4366
East Cheshire NHS Trust,8,5,2,396538,19795,21984,22761,19588,17487,21587,24149,24347,23772,26417,30140,30335,25457,22182,24268,17883,12411,11935,22206,204317000,0.564976228,3764
East Cheshire NHS Trust,10,6,3,396538,19795,21984,22761,19588,17487,21587,24149,24347,23772,26417,30140,30335,25457,22182,24268,17883,12411,11935,22206,204317000,0.572299169,3590
East Cheshire NHS Trust,9,6,3,396538,19795,21984,22761,19588,17487,21587,24149,24347,23772,26417,30140,30335,25457,22182,24268,17883,12411,11935,22206,204317000,0.544337349,4134
East Cheshire NHS Trust,12,8,4,396538,19795,21984,22761,19588,17487,21587,24149,24347,23772,26417,30140,30335,25457,22182,24268,17883,12411,11935,22206,204317000,0.576180802,3926
East Cheshire NHS Trust,17,12,7,396538,19795,21984,22761,19588,17487,21587,24149,24347,23772,26417,30140,30335,25457,22182,24268,17883,12411,11935,22206,204317000,0.552295315,4200
East Cheshire NHS Trust,22,16,11,396538,19795,21984,22761,19588,17487,21587,24149,24347,23772,26417,30140,30335,25457,22182,24268,17883,12411,11935,22206,204317000,0.562288804,4399
East Cheshire NHS Trust,19,15,11,396538,19795,21984,22761,19588,17487,21587,24149,24347,23772,26417,30140,30335,25457,22182,24268,17883,12411,11935,22206,204317000,0.644691975,4379
East Cheshire NHS Trust,19,15,11,396538,19795,21984,22761,19588,17487,21587,24149,24347,23772,26417,30140,30335,25457,22182,24268,17883,12411,11935,22206,204317000,0.624205321,4218
East Cheshire NHS Trust,20,16,12,396538,19795,21984,22761,19588,17487,21587,24149,24347,23772,26417,30140,30335,25457,22182,24268,17883,12411,11935,22206,204317000,0.543334096,4346
East Cheshire NHS Trust,14,11,9,396538,19795,21984,22761,19588,17487,21587,24149,24347,23772,26417,30140,30335,25457,22182,24268,17883,12411,11935,22206,204317000,0.535360212,4511
East Cheshire NHS Trust,9,7,5,396538,19795,21984,22761,19588,17487,21587,24149,24347,23772,26417,30140,30335,25457,22182,24268,17883,12411,11935,22206,204317000,0.527462121,4217
East Cheshire NHS Trust,9,7,5,396538,19795,21984,22761,19588,17487,21587,24149,24347,23772,26417,30140,30335,25457,22182,24268,17883,12411,11935,22206,204317000,0.495841035,4303
Wye Valley NHS Trust,16,11,6,183216,8226,9307,9899,8904,8024,9398,10278,10095,9600,10974,13319,14309,13319,12253,12733,9490,6559,6370,5679,176000000,0.97853014,4204
Wye Valley NHS Trust,15,11,7,183216,8226,9307,9899,8904,8024,9398,10278,10095,9600,10974,13319,14309,13319,12253,12733,9490,6559,6370,5679,176000000,0.930755396,3952
Wye Valley NHS Trust,17,13,8,183216,8226,9307,9899,8904,8024,9398,10278,10095,9600,10974,13319,14309,13319,12253,12733,9490,6559,6370,5679,176000000,0.957603687,3816
Wye Valley NHS Trust,19,15,10,183216,8226,9307,9899,8904,8024,9398,10278,10095,9600,10974,13319,14309,13319,12253,12733,9490,6559,6370,5679,176000000,0.965394854,3952
Wye Valley NHS Trust,18,14,11,183216,8226,9307,9899,8904,8024,9398,10278,10095,9600,10974,13319,14309,13319,12253,12733,9490,6559,6370,5679,176000000,0.982948847,3500
Wye Valley NHS Trust,18,14,10,183216,8226,9307,9899,8904,8024,9398,10278,10095,9600,10974,13319,14309,13319,12253,12733,9490,6559,6370,5679,176000000,0.983590734,3604
Wye Valley NHS Trust,15,12,9,183216,8226,9307,9899,8904,8024,9398,10278,10095,9600,10974,13319,14309,13319,12253,12733,9490,6559,6370,5679,176000000,0.939194789,3392
Wye Valley NHS Trust,11,9,6,183216,8226,9307,9899,8904,8024,9398,10278,10095,9600,10974,13319,14309,13319,12253,12733,9490,6559,6370,5679,176000000,0.925773196,3464
Wye Valley NHS Trust,3,8,6,183216,8226,9307,9899,8904,8024,9398,10278,10095,9600,10974,13319,14309,13319,12253,12733,9490,6559,6370,5679,176000000,0.933574879,2952
Wye Valley NHS Trust,8,5,2,184410,8280,9368,9963,8962,8077,9460,10345,10160,9663,11046,13406,14402,13406,12333,12816,9552,6601,6411,5716,177893000,0.916411825,3560
Wye Valley NHS Trust,7,3,0,184410,8280,9368,9963,8962,8077,9460,10345,10160,9663,11046,13406,14402,13406,12333,12816,9552,6601,6411,5716,177893000,0.949185043,3664
Wye Valley NHS Trust,12,7,3,184410,8280,9368,9963,8962,8077,9460,10345,10160,9663,11046,13406,14402,13406,12333,12816,9552,6601,6411,5716,177893000,0.939194789,3872
Wye Valley NHS Trust,10,6,2,184410,8280,9368,9963,8962,8077,9460,10345,10160,9663,11046,13406,14402,13406,12333,12816,9552,6601,6411,5716,177893000,0.938155136,3408
Wye Valley NHS Trust,15,11,6,184410,8280,9368,9963,8962,8077,9460,10345,10160,9663,11046,13406,14402,13406,12333,12816,9552,6601,6411,5716,177893000,0.963363863,4040
Wye Valley NHS Trust,16,13,9,184410,8280,9368,9963,8962,8077,9460,10345,10160,9663,11046,13406,14402,13406,12333,12816,9552,6601,6411,5716,177893000,0.91040724,3896
Wye Valley NHS Trust,18,14,10,184410,8280,9368,9963,8962,8077,9460,10345,10160,9663,11046,13406,14402,13406,12333,12816,9552,6601,6411,5716,177893000,0.980322004,4032
Wye Valley NHS Trust,19,15,12,184410,8280,9368,9963,8962,8077,9460,10345,10160,9663,11046,13406,14402,13406,12333,12816,9552,6601,6411,5716,177893000,0.97151277,3596
Wye Valley NHS Trust,16,12,8,184410,8280,9368,9963,8962,8077,9460,10345,10160,9663,11046,13406,14402,13406,12333,12816,9552,6601,6411,5716,177893000,0.926686217,3616
Wye Valley NHS Trust,12,9,6,184410,8280,9368,9963,8962,8077,9460,10345,10160,9663,11046,13406,14402,13406,12333,12816,9552,6601,6411,5716,177893000,0.979257642,3464
Wye Valley NHS Trust,9,6,3,184410,8280,9368,9963,8962,8077,9460,10345,10160,9663,11046,13406,14402,13406,12333,12816,9552,6601,6411,5716,177893000,0.974221267,3404
Wye Valley NHS Trust,7,4,2,184410,8280,9368,9963,8962,8077,9460,10345,10160,9663,11046,13406,14402,13406,12333,12816,9552,6601,6411,5716,177893000,0.936241611,3472
Wye Valley NHS Trust,5,3,1,185803,8342,9438,10038,9030,8138,9531,10423,10237,9736,11129,13507,14511,13507,12426,12913,9624,6651,6460,5759,179786000,0.919821826,3388
Wye Valley NHS Trust,6,2,-1,185803,8342,9438,10038,9030,8138,9531,10423,10237,9736,11129,13507,14511,13507,12426,12913,9624,6651,6460,5759,179786000,0.779787234,3532
Wye Valley NHS Trust,6,2,-2,185803,8342,9438,10038,9030,8138,9531,10423,10237,9736,11129,13507,14511,13507,12426,12913,9624,6651,6460,5759,179786000,0.799798793,3816
Wye Valley NHS Trust,11,6,2,185803,8342,9438,10038,9030,8138,9531,10423,10237,9736,11129,13507,14511,13507,12426,12913,9624,6651,6460,5759,179786000,0.960194175,3816
Wye Valley NHS Trust,14,9,4,185803,8342,9438,10038,9030,8138,9531,10423,10237,9736,11129,13507,14511,13507,12426,12913,9624,6651,6460,5759,179786000,0.92248062,3860
Wye Valley NHS Trust,18,13,8,185803,8342,9438,10038,9030,8138,9531,10423,10237,9736,11129,13507,14511,13507,12426,12913,9624,6651,6460,5759,179786000,0.964782206,3924
Wye Valley NHS Trust,24,18,12,185803,8342,9438,10038,9030,8138,9531,10423,10237,9736,11129,13507,14511,13507,12426,12913,9624,6651,6460,5759,179786000,0.893539581,3988
Wye Valley NHS Trust,21,16,11,185803,8342,9438,10038,9030,8138,9531,10423,10237,9736,11129,13507,14511,13507,12426,12913,9624,6651,6460,5759,179786000,0.923523717,3784
Wye Valley NHS Trust,18,13,9,185803,8342,9438,10038,9030,8138,9531,10423,10237,9736,11129,13507,14511,13507,12426,12913,9624,6651,6460,5759,179786000,0.879484821,4008
Wye Valley NHS Trust,15,12,9,185803,8342,9438,10038,9030,8138,9531,10423,10237,9736,11129,13507,14511,13507,12426,12913,9624,6651,6460,5759,179786000,0.925888325,3668
Wye Valley NHS Trust,9,6,3,185803,8342,9438,10038,9030,8138,9531,10423,10237,9736,11129,13507,14511,13507,12426,12913,9624,6651,6460,5759,179786000,0.929911155,3764
Wye Valley NHS Trust,8,6,3,185803,8342,9438,10038,9030,8138,9531,10423,10237,9736,11129,13507,14511,13507,12426,12913,9624,6651,6460,5759,179786000,0.870967742,3584
Wye Valley NHS Trust,8,5,3,187087,8400,9504,10108,9092,8194,9597,10495,10308,9803,11206,13601,14611,13601,12512,13002,9691,6697,6505,5799,181679000,0.947777778,3600
Wye Valley NHS Trust,8,5,3,187087,8400,9504,10108,9092,8194,9597,10495,10308,9803,11206,13601,14611,13601,12512,13002,9691,6697,6505,5799,181679000,0.880654475,3892
Wye Valley NHS Trust,11,7,2,187087,8400,9504,10108,9092,8194,9597,10495,10308,9803,11206,13601,14611,13601,12512,13002,9691,6697,6505,5799,181679000,0.969782814,3976
Wye Valley NHS Trust,13,9,4,187087,8400,9504,10108,9092,8194,9597,10495,10308,9803,11206,13601,14611,13601,12512,13002,9691,6697,6505,5799,181679000,0.85152409,3864
Wye Valley NHS Trust,16,11,7,187087,8400,9504,10108,9092,8194,9597,10495,10308,9803,11206,13601,14611,13601,12512,13002,9691,6697,6505,5799,181679000,0.768269231,4160
Wye Valley NHS Trust,19,15,10,187087,8400,9504,10108,9092,8194,9597,10495,10308,9803,11206,13601,14611,13601,12512,13002,9691,6697,6505,5799,181679000,0.853411963,4364
Wye Valley NHS Trust,22,17,11,187087,8400,9504,10108,9092,8194,9597,10495,10308,9803,11206,13601,14611,13601,12512,13002,9691,6697,6505,5799,181679000,0.871177016,3976
Wye Valley NHS Trust,19,14,10,187087,8400,9504,10108,9092,8194,9597,10495,10308,9803,11206,13601,14611,13601,12512,13002,9691,6697,6505,5799,181679000,0.800371402,4068
Wye Valley NHS Trust,19,14,10,187087,8400,9504,10108,9092,8194,9597,10495,10308,9803,11206,13601,14611,13601,12512,13002,9691,6697,6505,5799,181679000,0.939814815,3996
Wye Valley NHS Trust,15,12,9,187087,8400,9504,10108,9092,8194,9597,10495,10308,9803,11206,13601,14611,13601,12512,13002,9691,6697,6505,5799,181679000,0.938174681,3756
Wye Valley NHS Trust,10,8,5,187087,8400,9504,10108,9092,8194,9597,10495,10308,9803,11206,13601,14611,13601,12512,13002,9691,6697,6505,5799,181679000,0.852272727,3836
Wye Valley NHS Trust,8,5,2,187087,8400,9504,10108,9092,8194,9597,10495,10308,9803,11206,13601,14611,13601,12512,13002,9691,6697,6505,5799,181679000,0.749757517,3984
Wye Valley NHS Trust,8,4,2,188142,8447,9557,10165,9143,8240,9651,10554,10366,9858,11269,13677,14693,13677,12582,13075,9745,6735,6541,5832,183572000,0.926751592,3520
Wye Valley NHS Trust,7,4,1,188142,8447,9557,10165,9143,8240,9651,10554,10366,9858,11269,13677,14693,13677,12582,13075,9745,6735,6541,5832,183572000,0.82526178,3428
Wye Valley NHS Trust,10,6,2,188142,8447,9557,10165,9143,8240,9651,10554,10366,9858,11269,13677,14693,13677,12582,13075,9745,6735,6541,5832,183572000,0.944584383,3660
Wye Valley NHS Trust,18,14,8,188142,8447,9557,10165,9143,8240,9651,10554,10366,9858,11269,13677,14693,13677,12582,13075,9745,6735,6541,5832,183572000,0.907547898,4527
Wye Valley NHS Trust,19,15,10,188142,8447,9557,10165,9143,8240,9651,10554,10366,9858,11269,13677,14693,13677,12582,13075,9745,6735,6541,5832,183572000,0.901853035,4670
Wye Valley NHS Trust,19,15,11,188142,8447,9557,10165,9143,8240,9651,10554,10366,9858,11269,13677,14693,13677,12582,13075,9745,6735,6541,5832,183572000,0.892087277,4655
Wye Valley NHS Trust,16,12,8,188142,8447,9557,10165,9143,8240,9651,10554,10366,9858,11269,13677,14693,13677,12582,13075,9745,6735,6541,5832,183572000,0.871158392,4588
Wye Valley NHS Trust,14,10,7,188142,8447,9557,10165,9143,8240,9651,10554,10366,9858,11269,13677,14693,13677,12582,13075,9745,6735,6541,5832,183572000,0.882299151,4480
Wye Valley NHS Trust,12,10,7,188142,8447,9557,10165,9143,8240,9651,10554,10366,9858,11269,13677,14693,13677,12582,13075,9745,6735,6541,5832,183572000,0.89012987,4447
Wye Valley NHS Trust,11,9,7,188142,8447,9557,10165,9143,8240,9651,10554,10366,9858,11269,13677,14693,13677,12582,13075,9745,6735,6541,5832,183572000,0.898644202,4293
Wye Valley NHS Trust,8,6,3,189039,8487,9603,10213,9187,8279,9697,10605,10416,9905,11323,13743,14763,13743,12642,13138,9792,6767,6572,5860,185465000,0.878507112,4393
Wye Valley NHS Trust,8,5,2,189039,8487,9603,10213,9187,8279,9697,10605,10416,9905,11323,13743,14763,13743,12642,13138,9792,6767,6572,5860,185465000,0.88469238,4272
Wye Valley NHS Trust,9,5,1,189039,8487,9603,10213,9187,8279,9697,10605,10416,9905,11323,13743,14763,13743,12642,13138,9792,6767,6572,5860,185465000,0.843061866,4820
Wye Valley NHS Trust,11,7,2,189039,8487,9603,10213,9187,8279,9697,10605,10416,9905,11323,13743,14763,13743,12642,13138,9792,6767,6572,5860,185465000,0.904316451,4299
Wye Valley NHS Trust,16,11,6,189039,8487,9603,10213,9187,8279,9697,10605,10416,9905,11323,13743,14763,13743,12642,13138,9792,6767,6572,5860,185465000,0.902377106,4957
Wye Valley NHS Trust,18,14,10,189039,8487,9603,10213,9187,8279,9697,10605,10416,9905,11323,13743,14763,13743,12642,13138,9792,6767,6572,5860,185465000,0.886194759,4542
Wye Valley NHS Trust,19,16,11,189039,8487,9603,10213,9187,8279,9697,10605,10416,9905,11323,13743,14763,13743,12642,13138,9792,6767,6572,5860,185465000,0.889867295,4891
Wye Valley NHS Trust,20,16,12,189039,8487,9603,10213,9187,8279,9697,10605,10416,9905,11323,13743,14763,13743,12642,13138,9792,6767,6572,5860,185465000,0.841469681,4612
Wye Valley NHS Trust,19,15,11,189039,8487,9603,10213,9187,8279,9697,10605,10416,9905,11323,13743,14763,13743,12642,13138,9792,6767,6572,5860,185465000,0.853173522,4570
Wye Valley NHS Trust,14,10,7,189039,8487,9603,10213,9187,8279,9697,10605,10416,9905,11323,13743,14763,13743,12642,13138,9792,6767,6572,5860,185465000,0.868747499,4504
Wye Valley NHS Trust,8,5,3,189039,8487,9603,10213,9187,8279,9697,10605,10416,9905,11323,13743,14763,13743,12642,13138,9792,6767,6572,5860,185465000,0.863648834,4398
Wye Valley NHS Trust,8,6,3,189039,8487,9603,10213,9187,8279,9697,10605,10416,9905,11323,13743,14763,13743,12642,13138,9792,6767,6572,5860,185465000,0.826441928,4490
Wye Valley NHS Trust,7,4,1,190298,8544,9667,10281,9248,8335,9762,10675,10485,9971,11398,13834,14862,13834,12727,13225,9857,6812,6616,5899,187358000,0.853893866,4195
Wye Valley NHS Trust,8,6,3,190298,8544,9667,10281,9248,8335,9762,10675,10485,9971,11398,13834,14862,13834,12727,13225,9857,6812,6616,5899,187358000,0.853920678,3908
Wye Valley NHS Trust,11,8,4,190298,8544,9667,10281,9248,8335,9762,10675,10485,9971,11398,13834,14862,13834,12727,13225,9857,6812,6616,5899,187358000,0.880828341,4618
Wye Valley NHS Trust,12,8,3,190298,8544,9667,10281,9248,8335,9762,10675,10485,9971,11398,13834,14862,13834,12727,13225,9857,6812,6616,5899,187358000,0.917871832,4515
Wye Valley NHS Trust,16,12,8,190298,8544,9667,10281,9248,8335,9762,10675,10485,9971,11398,13834,14862,13834,12727,13225,9857,6812,6616,5899,187358000,0.886397608,4747
Wye Valley NHS Trust,19,15,11,190298,8544,9667,10281,9248,8335,9762,10675,10485,9971,11398,13834,14862,13834,12727,13225,9857,6812,6616,5899,187358000,0.888218737,4680
Wye Valley NHS Trust,20,16,12,190298,8544,9667,10281,9248,8335,9762,10675,10485,9971,11398,13834,14862,13834,12727,13225,9857,6812,6616,5899,187358000,0.84010431,4894
Wye Valley NHS Trust,19,15,11,190298,8544,9667,10281,9248,8335,9762,10675,10485,9971,11398,13834,14862,13834,12727,13225,9857,6812,6616,5899,187358000,0.848875855,4703
Wye Valley NHS Trust,16,13,9,190298,8544,9667,10281,9248,8335,9762,10675,10485,9971,11398,13834,14862,13834,12727,13225,9857,6812,6616,5899,187358000,0.8,4596
Wye Valley NHS Trust,15,12,9,190298,8544,9667,10281,9248,8335,9762,10675,10485,9971,11398,13834,14862,13834,12727,13225,9857,6812,6616,5899,187358000,0.798530549,4740
Wye Valley NHS Trust,10,7,4,190298,8544,9667,10281,9248,8335,9762,10675,10485,9971,11398,13834,14862,13834,12727,13225,9857,6812,6616,5899,187358000,0.823357664,4421
Wye Valley NHS Trust,8,5,2,190298,8544,9667,10281,9248,8335,9762,10675,10485,9971,11398,13834,14862,13834,12727,13225,9857,6812,6616,5899,187358000,0.720187394,4696
Wye Valley NHS Trust,8,5,2,191274,8588,9716,10334,9295,8377,9812,10730,10539,10022,11457,13905,14938,13905,12792,13293,9907,6847,6650,5929,189251000,0.721315093,4532
Wye Valley NHS Trust,6,2,-1,191274,8588,9716,10334,9295,8377,9812,10730,10539,10022,11457,13905,14938,13905,12792,13293,9907,6847,6650,5929,189251000,0.695432587,4338
Wye Valley NHS Trust,7,4,0,191274,8588,9716,10334,9295,8377,9812,10730,10539,10022,11457,13905,14938,13905,12792,13293,9907,6847,6650,5929,189251000,0.754220652,4740
Wye Valley NHS Trust,12,9,0,191274,8588,9716,10334,9295,8377,9812,10730,10539,10022,11457,13905,14938,13905,12792,13293,9907,6847,6650,5929,189251000,0.800708038,4802
Wye Valley NHS Trust,17,12,7,191274,8588,9716,10334,9295,8377,9812,10730,10539,10022,11457,13905,14938,13905,12792,13293,9907,6847,6650,5929,189251000,0.757512362,5258
Wye Valley NHS Trust,20,15,11,191274,8588,9716,10334,9295,8377,9812,10730,10539,10022,11457,13905,14938,13905,12792,13293,9907,6847,6650,5929,189251000,0.747085556,5061
Wye Valley NHS Trust,23,18,13,191274,8588,9716,10334,9295,8377,9812,10730,10539,10022,11457,13905,14938,13905,12792,13293,9907,6847,6650,5929,189251000,0.71547575,5402
Wye Valley NHS Trust,20,16,12,191274,8588,9716,10334,9295,8377,9812,10730,10539,10022,11457,13905,14938,13905,12792,13293,9907,6847,6650,5929,189251000,0.755395683,5004
Wye Valley NHS Trust,17,13,9,191274,8588,9716,10334,9295,8377,9812,10730,10539,10022,11457,13905,14938,13905,12792,13293,9907,6847,6650,5929,189251000,0.746796827,4917
Wye Valley NHS Trust,14,10,6,191274,8588,9716,10334,9295,8377,9812,10730,10539,10022,11457,13905,14938,13905,12792,13293,9907,6847,6650,5929,189251000,0.727731419,5153
Wye Valley NHS Trust,10,8,5,191274,8588,9716,10334,9295,8377,9812,10730,10539,10022,11457,13905,14938,13905,12792,13293,9907,6847,6650,5929,189251000,0.70779483,4952
Wye Valley NHS Trust,10,7,5,191274,8588,9716,10334,9295,8377,9812,10730,10539,10022,11457,13905,14938,13905,12792,13293,9907,6847,6650,5929,189251000,0.721915648,5074
Wye Valley NHS Trust,6,4,1,192214,8630,9764,10385,9341,8418,9860,10783,10590,10072,11513,13973,15011,13973,12855,13358,9956,6881,6683,5958,191144000,0.693053312,4952
Wye Valley NHS Trust,10,6,3,192214,8630,9764,10385,9341,8418,9860,10783,10590,10072,11513,13973,15011,13973,12855,13358,9956,6881,6683,5958,191144000,0.753486376,4661
Wye Valley NHS Trust,11,7,4,192214,8630,9764,10385,9341,8418,9860,10783,10590,10072,11513,13973,15011,13973,12855,13358,9956,6881,6683,5958,191144000,0.850585569,5294
Wye Valley NHS Trust,13,8,4,192214,8630,9764,10385,9341,8418,9860,10783,10590,10072,11513,13973,15011,13973,12855,13358,9956,6881,6683,5958,191144000,0.787828029,5373
Wye Valley NHS Trust,15,10,6,192214,8630,9764,10385,9341,8418,9860,10783,10590,10072,11513,13973,15011,13973,12855,13358,9956,6881,6683,5958,191144000,0.842105263,5605
Wye Valley NHS Trust,17,13,9,192214,8630,9764,10385,9341,8418,9860,10783,10590,10072,11513,13973,15011,13973,12855,13358,9956,6881,6683,5958,191144000,0.77325371,5526
Wye Valley NHS Trust,21,17,12,192214,8630,9764,10385,9341,8418,9860,10783,10590,10072,11513,13973,15011,13973,12855,13358,9956,6881,6683,5958,191144000,0.768720545,5729
Wye Valley NHS Trust,20,16,12,192214,8630,9764,10385,9341,8418,9860,10783,10590,10072,11513,13973,15011,13973,12855,13358,9956,6881,6683,5958,191144000,0.800994109,5432
Wye Valley NHS Trust,17,14,12,192214,8630,9764,10385,9341,8418,9860,10783,10590,10072,11513,13973,15011,13973,12855,13358,9956,6881,6683,5958,191144000,0.775455037,5549
Wye Valley NHS Trust,13,9,7,192214,8630,9764,10385,9341,8418,9860,10783,10590,10072,11513,13973,15011,13973,12855,13358,9956,6881,6683,5958,191144000,0.703968538,5594
Wye Valley NHS Trust,8,6,4,192214,8630,9764,10385,9341,8418,9860,10783,10590,10072,11513,13973,15011,13973,12855,13358,9956,6881,6683,5958,191144000,0.718464692,5367
Wye Valley NHS Trust,8,6,3,192214,8630,9764,10385,9341,8418,9860,10783,10590,10072,11513,13973,15011,13973,12855,13358,9956,6881,6683,5958,191144000,0.672772989,5568
Wye Valley NHS Trust,8,6,3,191291,8588,9717,10335,9296,8378,9813,10731,10540,10023,11458,13906,14939,13906,12793,13294,9908,6848,6651,5930,193035000,0.670960409,5279
Wye Valley NHS Trust,9,5,2,191291,8588,9717,10335,9296,8378,9813,10731,10540,10023,11458,13906,14939,13906,12793,13294,9908,6848,6651,5930,193035000,0.730376124,4892
Wye Valley NHS Trust,9,5,1,191291,8588,9717,10335,9296,8378,9813,10731,10540,10023,11458,13906,14939,13906,12793,13294,9908,6848,6651,5930,193035000,0.828389311,4079
Wye Valley NHS Trust,14,9,4,191291,8588,9717,10335,9296,8378,9813,10731,10540,10023,11458,13906,14939,13906,12793,13294,9908,6848,6651,5930,193035000,0.896153846,2860
Wye Valley NHS Trust,17,12,6,191291,8588,9717,10335,9296,8378,9813,10731,10540,10023,11458,13906,14939,13906,12793,13294,9908,6848,6651,5930,193035000,0.845626478,4230
Wye Valley NHS Trust,18,14,10,191291,8588,9717,10335,9296,8378,9813,10731,10540,10023,11458,13906,14939,13906,12793,13294,9908,6848,6651,5930,193035000,0.805884936,4554
Wye Valley NHS Trust,19,15,11,191291,8588,9717,10335,9296,8378,9813,10731,10540,10023,11458,13906,14939,13906,12793,13294,9908,6848,6651,5930,193035000,0.82934423,5139
Wye Valley NHS Trust,21,17,13,191291,8588,9717,10335,9296,8378,9813,10731,10540,10023,11458,13906,14939,13906,12793,13294,9908,6848,6651,5930,193035000,0.812301957,5365
Wye Valley NHS Trust,18,13,9,191291,8588,9717,10335,9296,8378,9813,10731,10540,10023,11458,13906,14939,13906,12793,13294,9908,6848,6651,5930,193035000,0.809208033,5278
Wye Valley NHS Trust,13,10,7,191291,8588,9717,10335,9296,8378,9813,10731,10540,10023,11458,13906,14939,13906,12793,13294,9908,6848,6651,5930,193035000,0.739695878,4998
Wye Valley NHS Trust,11,8,5,191291,8588,9717,10335,9296,8378,9813,10731,10540,10023,11458,13906,14939,13906,12793,13294,9908,6848,6651,5930,193035000,0.734942477,4433
Wye Valley NHS Trust,7,5,2,191291,8588,9717,10335,9296,8378,9813,10731,10540,10023,11458,13906,14939,13906,12793,13294,9908,6848,6651,5930,193035000,0.672013508,4738
Wye Valley NHS Trust,5,3,0,190368,8547,9670,10285,9251,8338,9765,10679,10489,9975,11403,13839,14867,13839,12731,13230,9861,6815,6619,5901,222034000,0.724637681,4002
Wye Valley NHS Trust,7,4,1,190368,8547,9670,10285,9251,8338,9765,10679,10489,9975,11403,13839,14867,13839,12731,13230,9861,6815,6619,5901,222034000,0.747794499,3854
Wye Valley NHS Trust,10,6,3,190368,8547,9670,10285,9251,8338,9765,10679,10489,9975,11403,13839,14867,13839,12731,13230,9861,6815,6619,5901,222034000,0.792900569,5099
Wye Valley NHS Trust,11,6,0,190368,8547,9670,10285,9251,8338,9765,10679,10489,9975,11403,13839,14867,13839,12731,13230,9861,6815,6619,5901,222034000,0.757871878,5526
Wye Valley NHS Trust,13,9,5,190368,8547,9670,10285,9251,8338,9765,10679,10489,9975,11403,13839,14867,13839,12731,13230,9861,6815,6619,5901,222034000,0.725127867,6061
Wye Valley NHS Trust,19,15,10,190368,8547,9670,10285,9251,8338,9765,10679,10489,9975,11403,13839,14867,13839,12731,13230,9861,6815,6619,5901,222034000,0.696901948,6262
Wye Valley NHS Trust,21,17,13,190368,8547,9670,10285,9251,8338,9765,10679,10489,9975,11403,13839,14867,13839,12731,13230,9861,6815,6619,5901,222034000,0.703398058,6180
Wye Valley NHS Trust,20,16,12,190368,8547,9670,10285,9251,8338,9765,10679,10489,9975,11403,13839,14867,13839,12731,13230,9861,6815,6619,5901,222034000,0.607212649,5629
Wye Valley NHS Trust,20,15,11,190368,8547,9670,10285,9251,8338,9765,10679,10489,9975,11403,13839,14867,13839,12731,13230,9861,6815,6619,5901,222034000,0.666490486,5676
Wye Valley NHS Trust,15,12,9,190368,8547,9670,10285,9251,8338,9765,10679,10489,9975,11403,13839,14867,13839,12731,13230,9861,6815,6619,5901,222034000,0.630239002,5774
Wye Valley NHS Trust,10,7,5,190368,8547,9670,10285,9251,8338,9765,10679,10489,9975,11403,13839,14867,13839,12731,13230,9861,6815,6619,5901,222034000,0.641884431,5434
Wye Valley NHS Trust,9,6,4,190368,8547,9670,10285,9251,8338,9765,10679,10489,9975,11403,13839,14867,13839,12731,13230,9861,6815,6619,5901,222034000,0.635272392,5415
Wye Valley NHS Trust,8,4,1,189445,8506,9623,10235,9207,8297,9718,10627,10438,9926,11347,13772,14795,13772,12670,13166,9813,6782,6587,5872,276017000,0.611710037,5380
Wye Valley NHS Trust,10,7,3,189445,8506,9623,10235,9207,8297,9718,10627,10438,9926,11347,13772,14795,13772,12670,13166,9813,6782,6587,5872,276017000,0.628819313,5302
Wye Valley NHS Trust,11,7,3,189445,8506,9623,10235,9207,8297,9718,10627,10438,9926,11347,13772,14795,13772,12670,13166,9813,6782,6587,5872,276017000,0.595842956,6062
Wye Valley NHS Trust,13,8,4,189445,8506,9623,10235,9207,8297,9718,10627,10438,9926,11347,13772,14795,13772,12670,13166,9813,6782,6587,5872,276017000,0.600528634,5675
Wye Valley NHS Trust,16,12,8,189445,8506,9623,10235,9207,8297,9718,10627,10438,9926,11347,13772,14795,13772,12670,13166,9813,6782,6587,5872,276017000,0.632741159,6023
Wye Valley NHS Trust,19,14,9,189445,8506,9623,10235,9207,8297,9718,10627,10438,9926,11347,13772,14795,13772,12670,13166,9813,6782,6587,5872,276017000,0.587840052,6102
Wye Valley NHS Trust,24,18,12,189445,8506,9623,10235,9207,8297,9718,10627,10438,9926,11347,13772,14795,13772,12670,13166,9813,6782,6587,5872,276017000,0.574739282,6041
Wye Valley NHS Trust,25,19,13,189445,8506,9623,10235,9207,8297,9718,10627,10438,9926,11347,13772,14795,13772,12670,13166,9813,6782,6587,5872,276017000,0.55637211,5579
Wye Valley NHS Trust,18,14,10,189445,8506,9623,10235,9207,8297,9718,10627,10438,9926,11347,13772,14795,13772,12670,13166,9813,6782,6587,5872,276017000,0.555034284,5542
Wye Valley NHS Trust,16,13,9,189445,8506,9623,10235,9207,8297,9718,10627,10438,9926,11347,13772,14795,13772,12670,13166,9813,6782,6587,5872,276017000,0.532364374,5917
Wye Valley NHS Trust,11,9,6,189445,8506,9623,10235,9207,8297,9718,10627,10438,9926,11347,13772,14795,13772,12670,13166,9813,6782,6587,5872,276017000,0.563288857,5546
Wye Valley NHS Trust,7,4,2,189445,8506,9623,10235,9207,8297,9718,10627,10438,9926,11347,13772,14795,13772,12670,13166,9813,6782,6587,5872,276017000,0.442726517,6015
Wye Valley NHS Trust,8,5,2,188522,8464,9576,10185,9162,8257,9671,10576,10387,9878,11292,13705,14723,13705,12608,13102,9765,6749,6554,5844,330000000,0.534559535,5165
Wye Valley NHS Trust,10,6,3,188522,8464,9576,10185,9162,8257,9671,10576,10387,9878,11292,13705,14723,13705,12608,13102,9765,6749,6554,5844,330000000,0.551203668,5234
Wye Valley NHS Trust,9,6,3,188522,8464,9576,10185,9162,8257,9671,10576,10387,9878,11292,13705,14723,13705,12608,13102,9765,6749,6554,5844,330000000,0.547356091,5976
Wye Valley NHS Trust,12,8,4,188522,8464,9576,10185,9162,8257,9671,10576,10387,9878,11292,13705,14723,13705,12608,13102,9765,6749,6554,5844,330000000,0.596385542,5478
Wye Valley NHS Trust,17,12,7,188522,8464,9576,10185,9162,8257,9671,10576,10387,9878,11292,13705,14723,13705,12608,13102,9765,6749,6554,5844,330000000,0.576460627,5905
Wye Valley NHS Trust,21,16,11,188522,8464,9576,10185,9162,8257,9671,10576,10387,9878,11292,13705,14723,13705,12608,13102,9765,6749,6554,5844,330000000,0.592832255,6027
Wye Valley NHS Trust,19,15,11,188522,8464,9576,10185,9162,8257,9671,10576,10387,9878,11292,13705,14723,13705,12608,13102,9765,6749,6554,5844,330000000,0.563005391,5936
Wye Valley NHS Trust,20,16,11,188522,8464,9576,10185,9162,8257,9671,10576,10387,9878,11292,13705,14723,13705,12608,13102,9765,6749,6554,5844,330000000,0.555865435,5737
Wye Valley NHS Trust,20,16,12,188522,8464,9576,10185,9162,8257,9671,10576,10387,9878,11292,13705,14723,13705,12608,13102,9765,6749,6554,5844,330000000,0.539585457,5886
Wye Valley NHS Trust,15,12,9,188522,8464,9576,10185,9162,8257,9671,10576,10387,9878,11292,13705,14723,13705,12608,13102,9765,6749,6554,5844,330000000,0.568541157,6135
Wye Valley NHS Trust,10,7,5,188522,8464,9576,10185,9162,8257,9671,10576,10387,9878,11292,13705,14723,13705,12608,13102,9765,6749,6554,5844,330000000,0.559175186,5771
Wye Valley NHS Trust,9,7,5,188522,8464,9576,10185,9162,8257,9671,10576,10387,9878,11292,13705,14723,13705,12608,13102,9765,6749,6554,5844,330000000,0.529098712,5825
